phiC,phiCsurf,phiS,phiSsurf,molar,molal,osm,gamma_per_vol,gamma,gammaC_per_vol,gammaC,ddA_nu,ddA_chi,ddA_eps,ddA,ddE_chi,ddE_eps,ddE,TddS_nu,TddS_chi,TddS_eps,TddS,ddA_nu_kJ,ddA_chi_kJ,ddA_eps_kJ,ddA_kJ,ddE_chi_kJ,ddE_eps_kJ,ddE_kJ,TddS_nu_kJ,TddS_chi_kJ,TddS_eps_kJ,TddS_kJ
0.0001,0.00021721862236257438,0.9999,0.9997827813776374,0.0022410470171664205,0.002241271144280848,0.002241195369019049,1.1721862236257439,39.86258104696945,-4.72893688572465e-05,-0.0016081713474683267,-0.001120682964960027,1.0887243823549334e-07,0.0027290428370005133,0.0016084687444787218,-1.1541412980332583e-07,0.0010916171348002055,0.0010915017206704022,0.001120682964960027,-2.2428656803881917e-07,-0.0016374257022003077,-0.0005169670238083196,-0.002776572734861944,2.697393045439877e-07,0.006761400119753036,0.003985097124195636,-2.859468164050856e-07,0.002704560047901215,0.00270427410108481,0.002776572734861944,-5.556861209490733e-07,-0.004056840071851821,-0.0012808230231108261
0.0011,0.0023845543307603654,0.9989,0.9976154456692397,0.024651517188830626,0.024678663718921433,0.024669490190664164,1.167776664327605,39.712624997870215,-0.0005187450167594054,-0.01764098131892529,-0.01229472014715105,1.3074638160609243e-05,0.02995853138658587,0.01767688587759543,-1.3860238736781908e-05,0.011983412554634348,0.011969552315897566,0.01229472014715105,-2.693487689739115e-05,-0.017975118831951523,-0.005707333561697864,-0.030461054384417322,3.239335741685696e-05,0.07422441852452633,0.04379575749752586,-3.4339739407566226e-05,0.029689767409810528,0.02965542767040296,0.030461054384417322,-6.673309682442318e-05,-0.0445346511147158,-0.014140329827122902
0.0021,0.004543110664509724,0.9979,0.9954568893354903,0.04706198736049483,0.047161025514074376,0.04712757413106141,1.1633860307189163,39.56331255540477,-0.0009875966089941454,-0.03358523507124138,-0.023409213106152016,4.729453961986829e-05,0.05707771958882044,0.0337158010222883,-5.01362716141929e-05,0.02283108783552818,0.02278095156391399,0.023409213106152016,-9.743081123406119e-05,-0.03424663175329226,-0.010934849458374307,-0.05799801093383527,0.00011717562711507633,0.14141415987711303,0.08353332457039284,-0.00012421622273571913,0.056565663950845224,0.0564414477281095,0.05799801093383527,-0.00024139184985079546,-0.08484849592626781,-0.027091876842283334
0.0031,0.006692944197495762,0.9969,0.9933070558025042,0.06947245753215903,0.06968849185691547,0.06961555883653438,1.1590142572566977,39.41464149065054,-0.0014538592013198812,-0.04944144460615996,-0.03446427752340392,0.0001022882309540695,0.0840873182140528,0.049725328921602946,-0.00010843430491697378,0.03363492728562112,0.03352649298070415,0.03446427752340392,-0.00021072253587104328,-0.05045239092843168,-0.016198835940898805,-0.08538772899221489,0.00025342645694133585,0.20833238516222724,0.12319808262695368,-0.0002686537977017566,0.08333295406489089,0.08306430026718913,0.08538772899221489,-0.0005220802546430925,-0.12499943109733636,-0.04013378235976456
0.0041,0.008834111238831682,0.9959,0.9911658887611683,0.09188292770382324,0.09226119861815767,0.09213355628955604,1.1546612777638248,39.26660955311956,-0.0019175478027203515,-0.0652101203347562,-0.045460033634563364,0.000177583102953687,0.11098803470614925,0.06570558417453957,-0.00018825333231571923,0.0443952138824597,0.04420696055014398,0.045460033634563364,-0.00036583643526940626,-0.06659282082368956,-0.0214986236243956,-0.11263050645205241,0.0004399749235511722,0.2749808471229836,0.16279031559448237,-0.00046641118505212116,0.10999233884919343,0.1095259276641413,0.11263050645205241,-0.0009063861086032934,-0.16498850827379016,-0.05326438793034104
0.0051,0.010966667829827902,0.9949,0.9890333321701721,0.11429339787548745,0.11487928221478282,0.11468167881009932,1.1503270254564508,39.11921447169104,-0.0023786773739406593,-0.0808917710276522,-0.05639660609343872,0.00027271418106933733,0.13778057314441527,0.08165668123204589,-0.00028910044087607716,0.055112229257766106,0.05482312881689003,0.05639660609343872,-0.0005618146219454145,-0.08266834388664918,-0.02683355241515587,-0.13972665215213315,0.0006756690190203202,0.34136129016655525,0.20231030703344244,-0.0007162671575022243,0.1365445160666221,0.13582824890911988,0.13972665215213315,-0.0013919361765225445,-0.20481677409993315,-0.06648205812432256
0.0061,0.013090669741121571,0.9939,0.9869093302588784,0.13670386804715165,0.13754287961278966,0.13726003905699477,1.1460114329707491,38.972453955520784,-0.0028372628260795734,-0.09648690376714528,-0.06727412383867137,0.00038722402415883826,0.164465634207532,0.09757873439301945,-0.0004104907037220155,0.0657862536830128,0.06537576297929079,0.06727412383867137,-0.0007977147278808538,-0.09867938052451919,-0.03220297141372867,-0.16667648554722472,0.0009593753999832613,0.40747545027482346,0.241758340127582,-0.0010170202738019613,0.16299018010992938,0.16197315983612742,0.16667648554722472,-0.0019763956737852226,-0.24448527016489408,-0.07978518029145457
0.0071,0.015206172469963445,0.9929,0.9847938275300365,0.15911433821881585,0.16025212832995853,0.15986875002929507,1.1417144323892179,38.826325694935754,-0.0032933190192372484,-0.11199602390122097,-0.07809271996308238,0.0005206626239934932,0.19104391513946953,0.11347185780038063,-0.0005519470735038029,0.07641756605578783,0.07586561898228403,0.07809271996308238,-0.001072609697497296,-0.1146263490836817,-0.03760623881809662,-0.19348033638437395,0.001289979138652807,0.47332505491992577,0.2811346976742046,-0.0013674886147949639,0.18933002196797033,0.18796253335317537,0.19348033638437395,-0.002657467753447771,-0.28399503295195544,-0.09317216432102926
0.0081,0.017313231237654093,0.9919,0.982686768762346,0.18152480839048005,0.18300716643863296,0.18250792506764618,1.1374359552659372,38.68082736229297,-0.0037468607612154993,-0.12741963499935322,-0.08885253158565004,0.0006725873055415997,0.21751610971727675,0.1293361654371683,-0.000713000276690044,0.0870064438869107,0.08629344361022066,0.08885253158565004,-0.0013855875822316437,-0.13050966583036605,-0.043042721826947655,-0.22013854438572217,0.0016663834757653124,0.5389118229844528,0.320439662074496,-0.0017665095215195056,0.2155647291937811,0.21379821967226162,0.22013854438572217,-0.003432892997284818,-0.3233470937906717,-0.10664144240223439
0.0091,0.019411900987131723,0.9909,0.9805880990128683,0.20393527856214427,0.2058081325685177,0.20517767785566574,1.1331759326518378,38.53595661283885,-0.004197902806271936,-0.14275823881013613,-0.09955369972612536,0.0008425626280470251,0.24388290822077552,0.1451717711226972,-0.0008931887087022299,0.09755316328831021,0.09665997457960798,0.09955369972612536,-0.001735751336749255,-0.1463297449324653,-0.04851179654308921,-0.2466514589378559,0.0020875095754957244,0.6042374646863632,0.35967351532400305,-0.002212939335396801,0.24169498587454533,0.23948204653914854,0.2466514589378559,-0.004300448910892526,-0.3625424788118179,-0.12019146878485451
0.0101,0.021502236380701437,0.9899,0.9784977636192985,0.22634574873380844,0.22865516590949428,0.22787812242132818,1.1289342951189545,38.391711085533956,-0.004646459853924164,-0.15801233522061844,-0.11019636918220058,0.0010301602869176355,0.27014499740403214,0.1609787885087492,-0.0010920583299083987,0.10805799896161285,0.10696594063170445,0.11019636918220058,-0.002122218616826034,-0.1620869984424193,-0.05401284787704476,-0.2730194387874831,0.0025522962823790996,0.6693036815083027,0.39883653900319865,-0.0027056531405478114,0.267721472603321,0.2650158194627732,0.2730194387874831,-0.005257949422926911,-0.40158220890498164,-0.13382071954042546
0.011099999999999999,0.023584291797905076,0.9889,0.9764157082020949,0.24875621890547264,0.251548406214453,0.250609373138357,1.1247109727842417,38.24808840386293,-0.0050925465478040945,-0.17318242221734198,-0.12078068840921818,0.0012349590164393589,0.2963030604685951,0.1767573310758163,-0.0013091625624915284,0.11852122418743805,0.11721206162494652,0.12078068840921818,-0.0025441215789308875,-0.17778183628115707,-0.05954526945086977,-0.2992428517434035,0.0030596998802776953,0.734112166131298,0.43792901426817227,-0.003243544508277261,0.29364486645251925,0.290401321944242,0.2992428517434035,-0.006303244388554957,-0.4404672996787788,-0.14752769232393026
0.0121,0.025658121333527333,0.9879,0.9743418786664727,0.27116668907713687,0.2744879938021428,0.27337154472762365,1.1205058953328377,38.10508617662561,-0.005536177474560917,-0.18826899584903503,-0.13130680940237843,0.0014565444933290527,0.32235777703844454,0.19250751212939515,-0.0015440621882071705,0.1289431108153778,0.12739904862717064,0.13130680940237843,-0.003000606681536223,-0.19341466622306674,-0.06510846350222455,-0.3253220743846696,0.003608693853426248,0.798664602372693,0.47695122184144967,-0.003825525243760816,0.31946584094907715,0.3156403157053163,0.3253220743846696,-0.0074342190971870645,-0.47919876142361584,-0.1613109061361333
0.0131,0.027723778795733983,0.9869,0.972276221204266,0.29357715924880107,0.2974740695600376,0.29616475225855426,1.1163189920407621,37.96270199870896,-0.005977367162811443,-0.2032725501909166,-0.14177488758141585,0.0016945092411383123,0.34830982313660164,0.2082294447963241,-0.0017963252470436619,0.13932392925464065,0.137527604007597,0.14177488758141585,-0.003490834488181974,-0.20898589388196098,-0.0707018407887271,-0.35125749177486365,0.004198268649585531,0.8629626651281965,0.5159034420029185,-0.0044505251349684595,0.3451850660512786,0.3407345409163101,0.35125749177486365,-0.00864879378455399,-0.517777599076918,-0.17516890108660832
0.0141,0.029781317704338464,0.9859,0.9702186822956615,0.31598762942046527,0.3205067749472211,0.31898911115054307,1.1121501917970544,37.820933451839835,-0.006416130082136528,-0.2181935773105677,-0.15218508167770042,0.0019484525355206973,0.3741598711633511,0.22392324202117136,-0.0020655269367966336,0.14966394846534045,0.14759842152854383,0.15218508167770042,-0.004013979472317331,-0.22449592269801064,-0.07632482049262754,-0.3770494971823836,0.004827431445335085,0.9270080203179262,0.5547859545808776,-0.005117491703853109,0.3708032081271705,0.3656857164233174,0.3770494971823836,-0.009944923149188194,-0.5562048121907557,-0.18910023815756027
0.015099999999999999,0.03183079128919331,0.9849,0.9681692087108067,0.33839809959212946,0.3435862519972884,0.3418447371743726,1.1079994231253847,37.67977810532001,-0.006852480642122558,-0.23303256723533514,-0.16253755362372183,0.00221798031037176,0.39990858987603156,0.2395890165626815,-0.002351249513570033,0.15996343595041262,0.1576121864368426,0.16253755362372183,-0.004569229823941793,-0.23994515392561894,-0.0819768301258389,-0.40269849180663175,0.005495205913528382,0.9908023248363392,0.5935990389432358,-0.005825389959834733,0.39632092993453566,0.39049553997470093,0.40269849180663175,-0.011320595873363114,-0.5944813949018035,-0.20310349896853486
0.0161,0.03387225248870303,0.9839,0.9661277475112969,0.36080856976379366,0.36671264332126596,0.36473174645364204,1.103866614205157,37.53923351674377,-0.007286433191446848,-0.24779000792122874,-0.17283246844494604,0.002502705064852044,0.42555664437035173,0.2552268809902577,-0.002653082193212211,0.17022265774814072,0.16756957555492852,0.17283246844494604,-0.005155787258064255,-0.255333986622211,-0.08765730543532924,-0.4282048845100819,0.006200631992935608,1.054347226505941,0.6323429739887948,-0.006573202155601165,0.4217388906023765,0.41516568844677537,0.4282048845100819,-0.012773834148536773,-0.6326083359035646,-0.21717728554201948
0.0171,0.035905753948454196,0.9829,0.9640942460515458,0.3832190399354579,0.38988609211054825,0.3876502554662018,1.0997516928920583,37.39929723269675,-0.007718002017005597,-0.26246638522326554,-0.18306999415397845,0.002802245771301644,0.45110469606318016,0.27083694768050337,-0.0029706210536973986,0.18044187842527204,0.17747125737157465,0.18306999415397845,-0.005772866824999043,-0.2706628176379081,-0.09336569030892872,-0.4535690915560607,0.006942765660095357,1.1176443640346454,0.6710180381386801,-0.007359927545251171,0.44705774561385814,0.43969781806860697,0.4535690915560607,-0.014302693205346528,-0.6705866184207873,-0.23132022007007313
0.0181,0.03793134801996032,0.9819,0.9620686519800397,0.4056295101071221,0.41310674213985343,0.41060038104559643,1.095654586738139,37.25996678943879,-0.008147201343083643,-0.27706218286723555,-0.19325030164700946,0.003116227784053846,0.4765534026767754,0.28641932881381976,-0.003303468938460446,0.19062136107071018,0.18731789213224972,0.19325030164700946,-0.006419696722514292,-0.2859320416060652,-0.09910143668157007,-0.4787915363521845,0.007720678703393855,1.1806953669767037,0.7096245093279131,-0.008184582144799323,0.47227814679068153,0.4640935646458822,0.4787915363521845,-0.01590526084819318,-0.7084172201860222,-0.2455309446820308
0.0191,0.03994908675951701,0.9809,0.960050913240483,0.42803998027878626,0.436374737770197,0.43358224038251403,1.0915752230113618,37.12123971356877,-0.008574045330564488,-0.2915778824228374,-0.203373564602499,0.003444282749154364,0.5019034182244035,0.3019741363710589,-0.0036512353606915574,0.2007613672897614,0.19711013192906984,0.203373564602499,-0.007095518109845921,-0.30114205093464214,-0.10486400444198907,-0.5038726491993427,0.008533458499387876,1.243501855697072,0.7481626649971171,-0.009046198495059303,0.4974007422788287,0.4883545437837694,0.5038726491993427,-0.017579656994447176,-0.7461011134182434,-0.25980812121334784
0.0201,0.041959021927165344,0.9799,0.9580409780728346,0.4504504504504505,0.4596902239518832,0.45659595102624334,1.0875135287146935,36.983113522673825,-0.008998548076180087,-0.30601396327816544,-0.21343995938210394,0.0037860485149933116,0.5271553929973141,0.31750148213020346,-0.004013536408598117,0.21086215719892562,0.2068486207903275,0.21343995938210394,-0.007799584923591429,-0.3162932357983884,-0.1106528613398759,-0.528812867046238,0.009380207791389008,1.3060654413391415,0.7866327820842925,-0.009943825426923254,0.5224261765356565,0.5124823511087332,0.528812867046238,-0.01932403321831226,-0.783639264803485,-0.27415043097555925
0.0211,0.043961204985758284,0.9789,0.9560387950142417,0.4728609206221147,0.48305334622751517,0.4796416308861385,1.0834694306046582,36.84558572596031,-0.009420723611798413,-0.3203709026154822,-0.22344966493372936,0.004141169043853459,0.5523099735530108,0.3330014776631349,-0.004389994651638574,0.22092398942120434,0.21653399476956575,0.22344966493372936,-0.008531163695492033,-0.3313859841318065,-0.11646748289356915,-0.5536126332491896,0.010260044470318103,1.36838772579568,0.8250351370168085,-0.010876527829049486,0.547355090318272,0.5364785624892225,0.5536126332491896,-0.02113657229936759,-0.821032635477408,-0.288556574527586
0.022099999999999998,0.04595568710012764,0.9779,0.9540443128998723,0.49527139079377885,0.5064642507350228,0.5027193982330913,1.0794428552093953,36.70865382486791,-0.009840585903748204,-0.33464917538825506,-0.23340286269673408,0.004509294324380005,0.5773678027047857,0.34847423433243163,-0.004780239047733309,0.23094712108191434,0.22616688203418103,0.23340286269673408,-0.009289533372113315,-0.3464206816228714,-0.12230735229825063,-0.5782723973372729,0.011172101357842818,1.4304703016829015,0.8633700057034714,-0.011843386417970711,0.5721881206731607,0.56034473425519,0.5782723973372729,-0.02301548777581353,-0.8582821810097407,-0.3030252714482814
0.0231,0.047942519136361,0.9769,0.952057480863639,0.5176818609654431,0.5299230842107104,0.5258293717010099,1.0754337288467966,36.57231531368638,-0.01025814885218495,-0.3488492542995951,-0.24329973650939032,0.0048900802849810845,0.6023295195126354,0.3639198632882261,-0.00518390485146067,0.24093180780505413,0.23574790295359346,0.24329973650939032,-0.010073985136441754,-0.3613977117075812,-0.12817196033463266,-0.6027926147830431,0.012115525991821155,1.492314752317959,0.901637663526737,-0.012843497510643115,0.5969259009271836,0.5840824034165405,0.6027926147830431,-0.02495902350246427,-0.8953888513907754,-0.3175552601101965
0.0241,0.04992175166114481,0.9759,0.9500782483388552,0.5400923311371073,0.5534299939923222,0.5489716702883071,1.0714419776408635,36.436567680111864,-0.010673426290480289,-0.36297160978149273,-0.2531404725180249,0.005283188708144789,0.6271957592750063,0.3793384754651261,-0.0056006335232264655,0.2508783037100025,0.24527767018677607,0.2531404725180249,-0.010883822231371253,-0.37631745556500373,-0.13406080527835007,-0.627173746777428,0.013089480414015702,1.5539226516984959,0.9398383853350836,-0.013875972799407242,0.6215690606793983,0.6076930878799911,0.627173746777428,-0.026965453213422946,-0.9323535910190975,-0.33214529745509247
0.0251,0.051893434941231414,0.9749,0.9481065650587686,0.5625028013087715,0.5769851280221269,0.5721464133593949,1.0674675275391006,36.30140840583835,-0.011086431984658997,-0.37701670997567066,-0.26292525908863035,0.005688287145700422,0.6519671535221007,0.3947301815791707,-0.006030072639433484,0.2607868614088403,0.2547567887694068,0.26292525908863035,-0.011718359785133907,-0.3911802921132604,-0.13997339280976395,-0.651416260010736,0.014093140960147287,1.615295564486058,0.9779724454354692,-0.014939939129426495,0.6461182257944232,0.6311782866649968,0.651416260010736,-0.02903308008957378,-0.9691773386916348,-0.3467941587704725
0.0261,0.053857618942977976,0.9739,0.946142381057022,0.5849132714804358,0.6005886348500212,0.5953537206461857,1.0635103043286576,36.16683496710666,-0.01149717963286223,-0.39098502071533103,-0.2726542867202267,0.0061050488350047685,0.6766443300100822,0.4100950921248603,-0.006471875803631669,0.27065773200403287,0.2641858562004012,0.2726542867202267,-0.012576924638636439,-0.4059865980060493,-0.14590923592445904,-0.6755206264580054,0.015125698052240434,1.6764350459917394,1.0160401175859746,-0.016034538278555322,0.6705740183966957,0.6545394801181404,0.6755206264580054,-0.031160236330795756,-1.0058610275950437,-0.3615006374678341
0.0271,0.0558143533319753,0.9729,0.9441856466680247,0.6073237416520999,0.6242406636366531,0.6185937122496049,1.0595702336522248,36.03284483524495,-0.011905682864844756,-0.4048770055080576,-0.2823277479602455,0.0065331526160650405,0.7012279127164137,0.4254333173722332,-0.006925702558661194,0.2804911650865655,0.2735654625279043,0.2823277479602455,-0.013458855174726236,-0.4207367476298482,-0.1518678548443289,-0.6994873231693614,0.016186355993289495,1.7373426421646305,1.0540416749885586,-0.017158926739667332,0.6949370568658524,0.677778130126185,0.6994873231693614,-0.033345282732956824,-1.0424055852987781,-0.37626354486237357
0.0281,0.05776368747276025,0.9719,0.9422363125272397,0.6297342118237641,0.6479413641565634,0.6418665086411058,1.0556472410234965,35.89943547719463,-0.012311955241503782,-0.4186931255197923,-0.2919458373218491,0.006972282849595401,0.7257185218362434,0.4407449673639897,-0.0073912182997856075,0.2902874087344973,0.2828961904347117,0.2919458373218491,-0.014363501149381008,-0.4354311131017461,-0.157848776929278,-0.7233168320651683,0.017274332764237777,1.7980198895828652,1.0919773902819347,-0.018312275505436428,0.719207955833146,0.7008956803277095,0.7233168320651683,-0.035586608269674205,-1.0788119337497193,-0.3910817099542252
0.0291,0.05970567042860912,0.9709,0.9402943295713909,0.6521446819954284,0.6716908868013475,0.6651722306641982,1.051741251842238,35.7666043560227,-0.012716010254438496,-0.4324338395598567,-0.3015087512031327,0.00742212933600815,0.7501167737798096,0.45603015191268503,-0.007868094188815537,0.30004670951192386,0.29217861532310835,0.3015087512031327,-0.015290223524823687,-0.4500700642678857,-0.16385153658957669,-0.7470096397358478,0.018388859823272385,1.8584683154471904,1.1298475355346151,-0.019493769855572086,0.7433873261788763,0.7238935563233042,0.7470096397358478,-0.03788262967884447,-1.1150809892683142,-0.40595397921131093
0.0301,0.06164035096140921,0.9699,0.9383596490385908,0.6745551521670925,0.6954893825828359,0.6885109995359802,1.0478521914089438,35.634348931420256,-0.013117861325539402,-0.4460996040669866,-0.311016687808205,0.007882387235340196,0.7744232811708265,0.47128898059796165,-0.008356007069223232,0.30976931246833056,0.3014133053991073,0.311016687808205,-0.016238394304563426,-0.4646539687024959,-0.16987567519885433,-0.7705662372463502,0.019529181907436282,1.918689437576967,1.1676523822380531,-0.02070260914650954,0.7674757750307868,0.7467731658842772,0.7705662372463502,-0.04023179105394582,-1.1512136625461802,-0.4208792163537758
0.0311,0.06356777753160568,0.9689,0.9364322224683943,0.6969656223387567,0.7193370031362952,0.7118829368486805,1.0439799849390896,35.50266666018718,-0.01351752180660647,-0.45969087309634643,-0.3204698470700777,0.008352756988110674,0.7986386528458169,0.4865215627638499,-0.00885463938224606,0.3194554611383268,0.3106008217560807,0.3204698470700777,-0.017207396370356735,-0.47918319170749013,-0.17592074100776917,-0.7939871199451065,0.020694556836547338,1.9786847644085164,1.2053922012999572,-0.02193800660355014,0.7914739057634066,0.7695358991598564,0.7939871199451065,-0.04263256344009748,-1.1872108586451098,-0.43585630214010074
0.032100000000000004,0.06548799829822201,0.9679,0.934512001701778,0.719376092510421,0.7432339007236501,0.7352881645712076,1.0401245575770097,35.37155499670402,-0.01391500497899559,-0.473208098307506,-0.32986843057535886,0.008832944237112337,0.8227634938543695,0.501728007516123,-0.009363679083977427,0.32910539754174783,0.3197417184577704,0.32986843057535886,-0.018196623321089764,-0.4936580963126217,-0.18198628905835262,-0.8172727872774531,0.02188425531943089,2.038455794995758,1.2430672630377357,-0.023199189115448122,0.8153823179983033,0.7921831288828551,0.8172727872774531,-0.04508344443487901,-1.2230734769974547,-0.4508841341548806
0.033100000000000004,0.06740106111895104,0.9669,0.9325989388810489,0.7417865626820852,0.7671802282367206,0.7587268050507077,1.0362858344093966,35.24101139339111,-0.014310324053292264,-0.48665172895334396,-0.3392126414907264,0.00932265975013141,0.846798405460282,0.516908423719687,-0.00988281956344406,0.3387193621841128,0.32883654262066875,0.3392126414907264,-0.01920547931357547,-0.5080790432761692,-0.18807188109901823,-0.840423742603462,0.02309756076245258,2.098004019013042,1.2806778371720324,-0.024485397031441227,0.8392016076052168,0.8147162105737755,0.840423742603462,-0.04758295779389381,-1.258802411407825,-0.4659616265982567
0.034100000000000005,0.06930701355031389,0.9659,0.9306929864496861,0.7641970328537495,0.7911761392004859,0.7821989810141298,1.0324637404784127,35.11103330115444,-0.01470349216901166,-0.5000222118698474,-0.3485026844911014,0.009821619343595784,0.8707439851435581,0.5320629199960525,-0.010411759561665864,0.34829759405742333,0.3378858344957575,0.3485026844911014,-0.020233378905261647,-0.5224463910861348,-0.19417708550029505,-0.863440493019987,0.024333769080351293,2.1573309167600954,1.3182241928204597,-0.02579588396071562,0.8629323667040384,0.8371364827433228,0.863440493019987,-0.05012965304106691,-1.2943985500560569,-0.4810877100771367
0.035100000000000006,0.07120590284788512,0.9649,0.9287940971521149,0.7866075030254137,0.815221787776364,0.8057048155697993,1.028658200794448,34.981618169819534,-0.015094522394324416,-0.5133199914667873,-0.3577387656895457,0.010329543807146636,0.8946008266032366,0.5471916047208375,-0.010950203091696135,0.3578403306412946,0.34689012754959847,0.3577387656895457,-0.021279746898842773,-0.536760495961942,-0.20030147717123903,-0.8863235491869792,0.025592188509359907,2.216437959169034,1.3557065984914147,-0.02712991657429978,0.8865751836676135,0.8594452670933137,0.8863235491869792,-0.05272210508365968,-1.3298627755014205,-0.496261331398101
0.03610000000000001,0.07309777596658157,0.9639,0.9269022240334184,0.8090179731970779,0.8393173287655129,0.829244432209,1.02486914034852,34.85276344855308,-0.015483427725807483,-0.5265455097192454,-0.3669210925688026,0.01084615882913401,0.9183695197610195,0.562294586021351,-0.011497859359639805,0.3673478079044078,0.355849948544768,0.3669210925688026,-0.022344018188773816,-0.5510217118566118,-0.20644463747658293,-0.9090734251578735,0.02687213942261521,2.2753266078133487,1.3931253220780904,-0.02848677440938151,0.9101306431253394,0.8816438687159579,0.9090734251578735,-0.05535891383199672,-1.3651959646880094,-0.5114814533621327
0.0371,0.07498267956101246,0.9629,0.9250173204389875,0.831428443368742,0.8634629176121527,0.8528179548075646,1.0210964841243253,34.72446658627283,-0.01587022108821902,-0.5396992061599593,-0.3760498739145058,0.011371194923027102,0.9420506507656715,0.5773719717741929,-0.012054442686642351,0.37682026030626864,0.3647658176196263,0.3760498739145058,-0.023425637609669453,-0.5652303904594029,-0.21260615415456663,-0.9316906382141099,0.028172954147834103,2.333998314918806,1.43048063085253,-0.029865749676029864,0.9335993259675226,0.9037335762914928,0.9316906382141099,-0.05803870382386397,-1.4003989889512833,-0.5267470545610374
0.0381,0.0768606599858888,0.9619,0.9231393400141112,0.8538389135404062,0.8876587104069094,0.8764255076274718,1.017340157109942,34.59672503204554,-0.01625491533429673,-0.5527815178724639,-0.38512531974995057,0.011904387354742462,0.9656448019981625,0.5924238696029545,-0.01261967243185146,0.3862579207992651,0.3736382483674136,0.38512531974995057,-0.024524059786593923,-0.5793868811988974,-0.21878562123554074,-0.9541757087035246,0.029493976787263988,2.3924545233761916,1.467772791459931,-0.031266147066327084,0.9569818093504767,0.9257156622841496,0.9541757087035246,-0.06076012385359107,-1.4354727140257149,-0.5420571291757813
0.0391,0.07873176329649018,0.9609,0.9212682367035099,0.8762493837120704,0.9119048638901763,0.9000672153184548,1.0136000843092114,34.469536235474,-0.01663752324457913,-0.5657928794850137,-0.3941476412724858,0.012445476070879811,0.9891525520775334,0.6074503868759273,-0.013193272916340476,0.39566102083101334,0.38246774791467286,0.3941476412724858,-0.025638748987220288,-0.5934915312465201,-0.2249826389612546,-0.9765291598827551,0.030834563039881836,2.4506966667558387,1.5050020699129654,-0.032687283565883504,0.9802786667023354,0.947591383136452,0.9765291598827551,-0.06352184660576535,-1.4704180000535034,-0.5574106867765136
0.040100000000000004,0.08059603524918639,0.9599,0.9194039647508137,0.8986598538837347,0.9362015354555001,0.9237432029196143,1.009876190752778,34.34289764707253,-0.017018057527248633,-0.5787337231652467,-0.4031170507914192,0.012994205627863973,1.0125744758674484,0.6224516307038932,-0.013774973347993226,0.40502979034697945,0.39125481699898623,0.4031170507914192,-0.026769178975857198,-0.6075446855204689,-0.2311968137049069,-0.9987515177633981,0.0321940800258382,2.5087261693238663,1.5421687315863064,-0.03412848826773428,1.0034904677295464,0.9693619794618121,0.9987515177633981,-0.06632256829357247,-1.5052357015943199,-0.5728067521244942
0.041100000000000005,0.08245352130201176,0.9589,0.9175464786979882,0.9210703240553989,0.9605488831529865,0.947453595861042,1.006168401508802,34.21680671863123,-0.017396530817995897,-0.591604478615571,-0.4120337616674323,0.013550325121988008,1.0359111444834117,0.6374277079379674,-0.014364507747343566,0.41436445779336467,0.3999999500460211,0.4120337616674323,-0.027914832869331573,-0.621546686690047,-0.23742775789194626,-1.0208433109619035,0.03357190611313408,2.566544446060055,1.5792730412112856,-0.03558910218860149,1.0266177784240222,0.9910286762354208,1.0208433109619035,-0.06916100830173558,-1.5399266676360328,-0.5882443649758649
0.042100000000000005,0.08430426661529168,0.9579,0.9156957333847083,0.9434807942270631,0.9849470656927267,0.9711985199654544,1.0024766416933888,34.09126090357067,-0.01777295567990524,-0.6044055730692679,-0.4208979882535154,0.014113588120351746,1.0591631253006377,0.6523787251674741,-0.014961614874364251,0.4236652501202551,0.4087036352458908,0.4208979882535154,-0.029075202994716,-0.6354978751803826,-0.2436750899215832,-1.0428050705532386,0.034967430746516114,2.624152902677352,1.6163152628706297,-0.03706847808750839,1.0496611610709405,1.0125926829834322,1.0428050705532386,-0.0720359088340245,-1.5744917416064115,-0.6037225798871975
0.043100000000000006,0.08614831605231735,0.9569,0.9138516839476827,0.9658912643987273,1.0093962424482468,0.9949781014498323,0.9988008364806803,33.96625765728508,-0.01814734460335976,-0.6171374312872658,-0.42970994583732025,0.014683752592690304,1.0823309819625295,0.6673047887178996,-0.015566038156199448,0.4329323927850117,0.4173663546288123,0.42970994583732025,-0.030249790748889754,-0.6493985891775178,-0.24993843408908734,-1.0646373299280614,0.0363800542785769,2.6815529356428685,1.653295659993384,-0.03856598028673138,1.072621174257147,1.0340551939704157,1.0646373299280614,-0.07494603456530828,-1.6089317613857215,-0.6192404660229683
0.0441,0.08798571418006826,0.9559,0.9120142858199317,0.9883017345703914,1.033896573459976,1.018792466927068,0.9951409111126588,33.841794437475734,-0.018519710005965903,-0.629800475555575,-0.438469850584961,0.015260580844088765,1.1054152743897552,0.6822060046488829,-0.016177525615836533,0.44216610975590215,0.42598858414006563,0.438469850584961,-0.0314381064599253,-0.663249164633853,-0.25621742050881724,-1.086340624653483,0.03780918780305069,2.738745932200375,1.6902144953499425,-0.040080984495079346,1.09549837288015,1.0554173883850706,1.086340624653483,-0.07789017229813003,-1.643247559320225,-0.6347971069648719
0.0451,0.0898165052699803,0.9549,0.9101834947300197,1.0107122047420556,1.058448219438743,1.0426417434076247,0.9914967909086541,33.71786870447427,-0.018890064232496867,-0.642395125683362,-0.4471779194862121,0.015843839448574332,1.1284165587898982,0.6970824787522605,-0.016795829801707497,0.4513666235159593,0.4345707937142518,0.4471779194862121,-0.03263966925028183,-0.677049935273939,-0.2625116850380087,-1.1079154923372934,0.039254252990283206,2.795733270394206,1.7270720310471959,-0.041612877633476056,1.1182933081576822,1.0766804305242061,1.1079154923372934,-0.08086713062375926,-1.6774399622365237,-0.6503916005229895
0.0461,0.09164073329875774,0.9539,0.9083592667012422,1.03312267491372,1.0830513417692837,1.0665260583012026,0.987868401274571,33.59447792155649,-0.019258419554854234,-0.6549217990016464,-0.45583437030107127,0.016433299183582287,1.1513353876676582,0.7119343165501693,-0.017420707718218187,0.46053415506706324,0.44311344734884506,0.45583437030107127,-0.033854006901800474,-0.690801232600595,-0.2688208692013242,-1.1293624724955658,0.040714681924866325,2.852516319094535,1.7638685285238354,-0.04316105766284127,1.141006527637814,1.097845469974973,1.1293624724955658,-0.0838757395877076,-1.7115097914567208,-0.6660230585488627
0.0471,0.09345844194922653,0.9529,0.9065415580507734,1.055533145085384,1.107706102513783,1.0904455394184136,0.984255667711816,33.47161955524591,-0.019624788172046822,-0.6673809103625802,-0.4644394215076788,0.01702873496528819,1.1741723098355725,0.726761623293182,-0.018051920757193834,0.4696689239342291,0.45161700317703524,0.4644394215076788,-0.03508065572248202,-0.7045033859013434,-0.27514462011614665,-1.1506821064236228,0.04218991694541899,2.909096438023939,1.800604248545735,-0.044724933414242246,1.1636385752095757,1.1189136417953334,1.1506821064236228,-0.08691485035966123,-1.745457862814363,-0.6816906067504016
0.048100000000000004,0.09526967461122963,0.9519,0.9047303253887704,1.0779436152570483,1.1324126644154302,1.1144003149724653,0.9806585158259794,33.34929107560904,-0.019989182210187226,-0.6797728721393311,-0.47299329225154374,0.017629925784801024,1.1969278704252646,0.7415645039585219,-0.01868923463023968,0.4787711481701058,0.4600819135398661,0.47299329225154374,-0.0363191604150407,-0.7181567222551588,-0.28148259041865575,-1.1718749370702417,0.04367941048650105,2.965474977785264,1.8372794512015231,-0.04630392442131218,1.1861899911141054,1.1398860666927932,1.1718749370702417,-0.08998333490781324,-1.7792849866711584,-0.6973933845087299
0.049100000000000005,0.09707447438255902,0.9509,0.902925525617441,1.1003540854287126,1.1571711909020006,1.1383905135808525,0.9770768713352143,33.22748995654032,-0.02035161372250386,-0.6920980942264919,-0.4814962022960538,0.01823665464520973,1.2196026108991513,0.7563430632483072,-0.01933241930200332,0.48784104435966064,0.46850862505765734,0.4814962022960538,-0.03756907394721305,-0.7317615665394908,-0.28783443819065,-1.1929415089150386,0.04518262492264156,3.021653279890632,1.873894395898235,-0.04789746075490297,1.208661311956253,1.16076385120135,1.1929415089150386,-0.09308008567754453,-1.8129919679343791,-0.713130544696885
0.050100000000000006,0.09887288406992693,0.9499,0.9011271159300731,1.1227645556003767,1.1819818460894587,1.162416264267061,0.9735106600783817,33.10621367603909,-0.02071209468936983,-0.7043569840410616,-0.4899483719742767,0.018848708499476407,1.242197069062649,0.7710974055878486,-0.01998124892433749,0.4968788276250595,0.476897578700722,0.4899483719742767,-0.0388299574238139,-0.7453182414375894,-0.2941998268871266,-1.213882367849053,0.04669903241446477,3.0776326767916853,1.910449341357097,-0.049504982859968676,1.231053070716674,1.1815480878567053,1.213882367849053,-0.09620401527443345,-1.8465796060750113,-0.7289012535003918
0.051100000000000007,0.10066494618997149,0.9489,0.8993350538100285,1.145175025772041,1.2068447947855843,1.1864776964622759,0.9699598080229254,32.98545971647744,-0.021070637018346453,-0.7165499465239266,-0.49835002214196816,0.019465878189170387,1.2647117790768037,0.7858276351240059,-0.020635501771352358,0.5058847116307215,0.4852492098593691,0.49835002214196816,-0.040101379960522744,-0.7588270674460822,-0.3005784252646368,-1.2346980610583203,0.048228114756899254,3.133414491910875,1.9469445456094538,-0.051125941394653006,1.25336579676435,1.202239855369697,1.2346980610583203,-0.09935405615155227,-1.880048695146525,-0.7447046902397569
0.05210000000000001,0.10245070297029706,0.9479,0.897549297029703,1.167585495943705,1.2317602024936227,1.2105749400071026,0.9664242412724958,32.86522556485943,-0.021427252544241993,-0.728677384141857,-0.5067013741318194,0.020087958384034717,1.2871472714713648,0.8005338557235802,-0.021294960175350198,0.5148589085885459,0.4935639484131957,0.5067013741318194,-0.04138291855938492,-0.7722883628828189,-0.3069699073103844,-1.25538913691052,0.049769363229449665,3.1890000396738523,1.983380265992782,-0.052759797071562746,1.2756000158695409,1.222840218797978,1.25538913691052,-0.10252916030101242,-1.9134000238043114,-0.7605400471948038
0.0531,0.104230196350547,0.9469,0.895769803649453,1.1899959661153692,1.2567282354159564,1.2347081251532952,0.9629038860743315,32.745508713072105,-0.02178195302918451,-0.7407396968899846,-0.5150026497088702,0.020714747522378646,1.3095040731582612,0.8152161709717697,-0.02195941046363722,0.5238016292633046,0.5018422187996674,0.5150026497088702,-0.04267415798601587,-0.7857024438949566,-0.31337395217210223,-1.275956144844505,0.051322278448514703,3.24439062554286,2.01975675914687,-0.0544060205012146,1.2977562502171442,1.2433502297159296,1.275956144844505,-0.1057282989497293,-1.9466343753257156,-0.7764065294309399
0.0541,0.10600346798350813,0.9459,0.8939965320164919,1.2124064362870335,1.2817490604578001,1.2588773825654922,0.9593986688263977,32.62630665812831,-0.02213475016270859,-0.7527372822947526,-0.5232540710271093,0.02134604775228775,1.3317827074454776,0.829874684170656,-0.022628642896202072,0.532713082978191,0.5100844400819889,0.5232540710271093,-0.04397469064848982,-0.7990696244672866,-0.3197902440886671,-1.2963996352627774,0.052886370221731066,3.299587546051107,2.0560742810100603,-0.05606409203762916,1.3198350184204428,1.2637709263828136,1.2963996352627774,-0.10895046225936023,-1.979752527630664,-0.7923033546272469
0.0551,0.10777055923624496,0.9449,0.892229440763755,1.2348169064586978,1.3068228452309214,1.2830828433229673,0.9559085160843005,32.50761690240177,-0.022485655561855562,-0.7646705354173224,-0.5314558605871954,0.02198166487364768,1.3539836940513046,0.8445094983377569,-0.023302451604253076,0.5415934776205219,0.5182910260162689,0.5314558605871954,-0.04528411647790076,-0.8123902164307827,-0.32621847232148804,-1.3167201594267388,0.05446115740433303,3.354592088838079,2.092333086815673,-0.05773350162605251,1.3418368355352317,1.2841033339091792,1.3167201594267388,-0.11219465903038553,-2.0127552533028474,-0.8082297529064941
0.056100000000000004,0.10953151119126256,0.9439,0.8904684888087374,1.2572273766303619,1.331949758057381,1.3073246389213817,0.9524333545679599,32.389436953854045,-0.022834680771286326,-0.7765398488574123,-0.5396082411953006,0.022621408280968716,1.3761075491189485,0.8591207162046166,-0.023980634529610592,0.5504430196475795,0.5264623851179688,0.5396082411953006,-0.04660204281057931,-0.825664529471369,-0.3326583310866478,-1.3369182693547235,0.056046167757496226,3.409405532685732,2.1285334310885045,-0.05941374865279638,1.3637622130742928,1.3043484644214964,1.3369182693547235,-0.1154599164102926,-2.045643319611439,-0.8241849666670082
0.057100000000000005,0.11128636464769652,0.9429,0.8887136353523035,1.2796378468020262,1.3571299679733015,1.331602901274553,0.948973111168065,32.271764326254065,-0.023181837263406724,-0.7883456127575599,-0.5477114359230553,0.023265090907007364,1.398154785231481,0.8737084402154331,-0.024662993364939153,0.5592619140925924,0.5345989207276532,0.5477114359230553,-0.04792808427194652,-0.8388928711388887,-0.3391095194877799,-1.356994517722756,0.05764093780865605,3.464029147555531,2.1646755676414307,-0.06110434179715903,1.3856116590222123,1.3245073172250532,1.356994517722756,-0.11874527960581507,-2.0784174885333186,-0.8401682504163777
0.058100000000000006,0.11303516012252939,0.9419,0.8869648398774707,1.3020483169736903,1.3823636447326577,1.3559177627162258,0.9455277129523126,32.15459653939022,-0.023527136438504875,-0.8000882148077921,-0.5557656680685396,0.023912529167177708,1.4201259114271227,0.8882727725257609,-0.025349333494819305,0.568050364570849,0.5427010310760297,0.5557656680685396,-0.049261862661997016,-0.8520755468562737,-0.34557174144973124,-1.3769494577679078,0.05924501271378281,3.5184641946263193,2.2007597495721942,-0.06280479888542646,1.4073856778505276,1.344580878965101,1.3769494577679078,-0.12204981159920927,-2.111078516775792,-0.8561788706070934
0.05910000000000001,0.11477793785183193,0.9409,0.8852220621481681,1.3244587871453546,1.40765095881109,1.3802693560018613,0.9420970871714367,32.03793111927549,-0.023870589624900143,-0.8117680402506925,-0.563771161118345,0.02456354290474058,1.4420214332148373,0.9028138150012329,-0.026039463937643358,0.5768085732859349,0.5507691093482916,0.563771161118345,-0.05060300684238393,-0.8652128599289024,-0.3520447056529413,-1.3967836431943004,0.06085794612158392,3.5727119263329508,2.2367862292602343,-0.06451464674691491,1.4290847705331806,1.3645701237862657,1.3967836431943004,-0.12537259286849883,-2.14362715579977,-0.8722161054739683
0.0601,0.11651473779202741,0.9399,0.8834852622079726,1.3468692573170187,1.432992081409744,1.4046578143104271,0.9386811612650147,31.921765598344866,-0.024212208079102855,-0.8233854718868315,-0.5717281387106574,0.02521795533676769,1.4638418525902162,0.9173316692163265,-0.026733197288333135,0.5855367410360863,0.5588035437477532,0.5717281387106574,-0.051951152625100826,-0.8783051115541298,-0.35852812546857327,-1.416497628081641,0.0624793000396262,3.6267735864056467,2.272755258363632,-0.0662334210720501,1.4507094345622584,1.3844760134902083,1.416497628081641,-0.1287127211116763,-2.1760641518433883,-0.8882792448734236
0.0611,0.11824559962117924,0.9389,0.8817544003788208,1.369279727488683,1.458387184459136,1.4290832712462007,0.9352798628670903,31.806097515646535,-0.024552002985985134,-0.8349408900805766,-0.5796368245993152,0.025875593000870188,1.485587668051654,0.931826436453209,-0.027430349661866506,0.5942350672206618,0.5668047175587952,0.5796368245993152,-0.053305942662736694,-0.8913526008309922,-0.3650217188944137,-1.4360919667961747,0.06410864470235195,3.6806504099100725,2.30866708781625,-0.06796066627244993,1.4722601639640294,1.4042994976915795,1.4360919667961747,-0.13206931097480187,-2.208390245946043,-0.9043675901246704
0.0621,0.11997056274029916,0.9379,0.8800294372597008,1.391690197660347,1.4838364406230378,1.453545860840585,0.9318931198115806,31.690924417025798,-0.024889985458961643,-0.8464346727662387,-0.5874974426188957,0.02653628570268266,1.507259374616788,0.9462982177005749,-0.028130740637607888,0.6029037498467151,0.5747730092091072,0.5874974426188957,-0.054667026340290546,-0.9043556247700728,-0.37152520849146764,-1.4555672139041826,0.06574555844096687,3.7343436232880647,2.344521967824849,-0.06969593534299945,1.4937374493152256,1.424041513972226,1.4555672139041826,-0.1354414937839663,-2.2406061739728393,-0.920480453852623
0.0631,0.1216896662746765,0.9369,0.8783103337253235,1.4141006678320114,1.509340023302392,1.4780457175539283,0.9285208601375041,31.57624385530285,-0.025226166540180554,-0.8578671954545666,-0.5953102166507163,0.027199866464099293,1.5288574638391927,0.9607471136525758,-0.028834193204431376,0.6115429855356772,0.5827087923312458,0.5953102166507163,-0.05603405966853067,-0.9173144783035155,-0.37803832132133,-1.4749239240877485,0.06738962755519141,3.787854444398996,2.3803201478664393,-0.07143878972588945,1.5151417777595988,1.4437029880337093,1.4749239240877485,-0.13882841728108086,-2.2727126666393973,-0.9366171598327298
0.0641,0.1234029490752261,0.9359,0.8765970509247739,1.4365111380036755,1.5348981066392515,1.5025829762773588,0.9251630120940108,31.46205339044383,-0.025560557200723748,-0.8692388312395549,-0.6030753705898049,0.02786617147224691,1.5503824238253199,0.9751732247077619,-0.029540533706630796,0.620152969530128,0.5906124358234972,0.6030753705898049,-0.05740670517887771,-0.9302294542951919,-0.3845607888842647,-1.494162652062924,0.06904044618683773,3.8411840825617456,2.416061876685659,-0.07318879917660467,1.536473633024698,1.4632848338480933,1.494162652062924,-0.1422292453634424,-2.3047104495370476,-0.9527770428375659
0.0651,0.12511044971985488,0.9349,0.8748895502801451,1.4589216081753398,1.5605108655207396,1.5271577723346237,0.921819504145236,31.3483505897259,-0.025893168340816466,-0.8805499508055737,-0.6107931283127763,0.028535040029195328,1.5718347392516643,0.9895766509680833,-0.03024959179060618,0.6287338957006658,0.5984843039100597,0.6107931283127763,-0.05878463181980151,-0.9431008435509984,-0.39109234705802365,-1.513283952500142,0.07069761619521353,3.8943337385972243,2.4517474022922956,-0.07494554163183574,1.55773349543889,1.4827879538070543,1.513283952500142,-0.14564315782704929,-2.336600243158334,-0.9689594484852413
0.0661,0.12681220651484498,0.9339,0.8731877934851551,1.481332078347004,1.5861784755830433,1.5517702414839434,0.9184902649749617,31.235133027895742,-0.026224010790045296,-0.891800922434782,-0.6184637136466064,0.029206314502388076,1.593214891382142,1.0039574922379237,-0.030961200352317073,0.6372859565528569,0.6063247562005398,0.6184637136466064,-0.060167514854705145,-0.9559289348292851,-0.3976327360373839,-1.5322883799468499,0.07236074703431064,3.9473046048714364,2.487376971958897,-0.07670860307929091,1.5789218419485749,1.502213238869284,1.5322883799468499,-0.14906935011360156,-2.3683827629228613,-0.985163733089613
0.0671,0.12850825749625366,0.9329,0.8714917425037463,1.5037425485186682,1.611901113215423,1.5764205199198758,0.9151752234911128,31.12239828732249,-0.026553095307584956,-0.9029921120148396,-0.6260873503382933,0.02987984027579424,1.614523358085679,1.01831584802318,-0.031675195485498644,0.6458093432342716,0.614134147748773,0.6260873503382933,-0.061555035761292884,-0.9687140148514074,-0.4041817002744069,-1.551176488752346,0.07402945563178008,4.000097865339051,2.522950832218485,-0.07847757742939784,1.600039146135621,1.5215615687062232,1.551176488752346,-0.1525070330611779,-2.4000587192034306,-1.0013892635122625
0.06810000000000001,0.13019864043132892,0.9319,0.8698013595686711,1.5261530186903325,1.6376789555642581,1.6011087442751815,0.9118743088300862,31.010143958144916,-0.026880432582433247,-0.9141238830468974,-0.633664262025377,0.030555465701765715,1.635760613853994,1.0326518175303827,-0.03239141643062716,0.6543042455415976,0.6219128291109705,0.633664262025377,-0.06294688213239287,-0.9814563683123964,-0.41073898841941225,-1.5699488329947373,0.07570336626965508,4.0527146955874676,2.5584692288623856,-0.08025206638886179,1.621085878234987,1.5408338118461253,1.5699488329947373,-0.15595543265851686,-2.4316288173524807,-1.0176354170162603
0.06910000000000001,0.13188339281993824,0.9309,0.8681166071800618,1.5485634888619968,1.663512180537111,1.6258350516227125,0.9085874503609005,30.898367638412576,-0.027206033233653285,-0.9251965966538342,-0.6411946722072828,0.031233042053596845,1.6569271298195514,1.0469654996658655,-0.033109705524628344,0.6627708519278206,0.6296611464031923,0.6411946722072828,-0.0643427475782252,-0.9941562778917308,-0.41730435326267323,-1.588605966409942,0.07738211046681405,4.105156262881286,2.5939324069381575,-0.08203167933606449,1.6420625051525144,1.56003082581645,1.588605966409942,-0.15941378980287854,-2.463093757728771,-1.0339015811217076
0.07010000000000001,0.133562551896012,0.9299,0.866437448103988,1.5709739590336609,1.6894009668068186,1.650599579477299,0.9053145776891866,30.787066934221514,-0.02752990781062353,-0.9362106115887611,-0.6486788042175241,0.0319124234787764,1.678023373773693,1.0612569930349451,-0.03382990815132073,0.6712093495094772,0.6373794413581565,0.6486788042175241,-0.06574233163009713,-1.0068140242642158,-0.42387755167678887,-1.6071484423228197,0.07906532686315902,4.157423726207235,2.6293406107475743,-0.083816033198284,1.6629694904828944,1.5791534572846104,1.6071484423228197,-0.16288136006144302,-2.4944542357243407,-1.0501871534629639
0.07110000000000001,0.13523615462899946,0.9289,0.8647638453710005,1.5933844292053252,1.7153454938156152,1.6754024657976563,0.9020556206610331,30.67623945984502,-0.027852066793295115,-0.9471662842437705,-0.6561168811966657,0.03259346695292342,1.6990498101849336,1.0755263959411914,-0.03455187269258424,0.6796199240739734,0.6450680513813892,0.6561168811966657,-0.06714533964550766,-1.0194298861109603,-0.43045834455980225,-1.6255768135801851,0.0807526611054884,4.209518236319506,2.6646940838448097,-0.08560475233071133,1.6838072945278024,1.5982025421970911,1.6255768135801851,-0.16635741343619972,-2.525710941791704,-1.0664915416477185
0.07210000000000001,0.13690423772533564,0.9279,0.8630957622746643,1.6157948993769893,1.7413459417792752,1.700243848988293,0.8988105093666517,30.5658828378583,-0.028172520592455286,-0.9580639686588963,-0.6635091260661096,0.03327603223440023,1.7200069002173866,1.0897738063856772,-0.0352754504802441,0.6880027600869547,0.6527273096067107,0.6635091260661096,-0.06855148271464434,-1.0320041401304318,-0.4370464967789667,-1.6438916324858632,0.08244376573504746,4.261440935785391,2.699993069034575,-0.08739746839723933,1.7045763743141564,1.617178905916917,1.6438916324858632,-0.1698412341322868,-2.5568645614712344,-1.082814163117658
0.0731,0.1385668376299204,0.9269000000000001,0.8614331623700796,1.6382053695486534,1.767402491691286,1.725123867901431,0.8955791741439179,30.45599469925884,-0.028491279549998118,-0.96890401653132,-0.6708557615026132,0.033959981819592255,1.7408951017493492,1.1039993220663282,-0.036000495748666386,0.6963580406997398,0.6603575449510735,0.6708557615026132,-0.06996047756825864,-1.0445370610496094,-0.4436417771152549,-1.6620934507375522,0.08413830007673083,4.31319295903134,2.735237808370518,-0.08919382025301488,1.7252771836125358,1.6360833633595209,1.6620934507375522,-0.1733321203297457,-2.5879157754188036,-1.0991544450109971
0.0741,0.14022399052760773,0.9259,0.8597760094723923,1.6606158397203175,1.793515325327052,1.750042661838967,0.8923615455817505,30.346572683581417,-0.02880835393920127,-0.9796867772247818,-0.6781570099136276,0.03464518089885057,1.7617148693920128,1.1182030403772358,-0.03672686558805197,0.7046859477568052,0.6679590821687532,0.6781570099136276,-0.07137204648690254,-1.0570289216352076,-0.4502439582084825,-1.6801828193657262,0.08583593012992699,4.364775432389307,2.770428543153508,-0.09099345382872112,1.7459101729557234,1.6549167191270022,1.6801828193657262,-0.1768293839586481,-2.618865259433584,-1.1155118240265058
0.0751,0.14187573234470285,0.9249,0.8581242676552971,1.6830263098919818,1.8196846252481145,1.7750003705543493,0.8891575545233407,30.23761443900781,-0.02912375396500803,-0.9904125977791721,-0.6854130934132462,0.03533149731308388,1.7824666545082706,1.1323850584081083,-0.037454419898419425,0.7129866618033083,0.6755322419048888,0.6854130934132462,-0.0727859172115033,-1.0694799927049623,-0.4568528165032194,-1.6981602886740432,0.08753632846097185,4.416189474143366,2.8055655139302944,-0.09279602201656681,1.7664757896573462,1.6736797676407793,1.6981602886740432,-0.18033235047753865,-2.649713684486019,-1.1318857462895147
0.0761,0.14352209875047087,0.9238999999999999,0.8564779012495292,1.7054367800636459,1.845910574806414,1.7999971342546264,0.885967132069262,30.129117622472634,-0.029437489764316115,-1.0010818229203535,-0.6926242337990319,0.03601880151099714,1.8031509052316728,1.146545472943638,-0.0381830213442759,0.7212603620926691,0.6830773407483932,0.6926242337990319,-0.07420182285527303,-1.0818905431390036,-0.46346813219524463,-1.716026408181935,0.0892391740972042,4.467436194576646,2.840648960491915,-0.09460118455798033,1.7869744778306582,1.6923732932726778,1.716026408181935,-0.18384035865518453,-2.680461716745987,-1.1482756672192367
0.0771,0.14516312515865126,0.9229,0.8548368748413487,1.7278472502353102,1.8721933581485641,1.8250330936023067,0.8827902095804315,30.02107989976401,-0.02974957140627113,-1.0116947950701398,-0.6997906525293882,0.03670696650696455,1.8237680664854536,1.16068438046303,-0.038912535309958016,0.7295072265941814,0.6905946912842235,0.6997906525293882,-0.07561950181692256,-1.0942608398912723,-0.47008968917880667,-1.7337817265685413,0.09094415242259318,4.518516696018498,2.8756791218725497,-0.09640860793296331,1.8074066784073994,1.710998070474436,1.7337817265685413,-0.18735276035555648,-2.7111100176110985,-1.1646810513981136
0.0781,0.14679884672898091,0.9218999999999999,0.8532011532710191,1.7502577204069745,1.8985331602201692,1.8501083897174437,0.8796267186809336,29.913498945619605,-0.030060008892565385,-1.0222518543564578,-0.7069125707017538,0.0373958678395325,1.844318580001667,1.1748018771394457,-0.039642829855641784,0.7377274320006669,0.6980846021450251,0.7069125707017538,-0.07703869769517428,-1.1065911480010002,-0.4767172749944206,-1.7514267916186856,0.09265095507492621,4.56943207289189,2.9106562363481303,-0.09821796525110213,1.8277728291567563,1.7295548639056542,1.7514267916186856,-0.19086892032602834,-2.7416592437351337,-1.1811013724424764
0.0791,0.14842929836872304,0.9209,0.851570701631277,1.7726681905786386,1.924930166770158,1.8752231641795076,0.8764765912607214,29.80637244381849,-0.030368812157741502,-1.0327533386236727,-0.713990209031334,0.03808538353054046,1.8648028843403943,1.1888980588396008,-0.040373775674006594,0.7459211537361577,0.7055473780621512,0.713990209031334,-0.07845915920454705,-1.1188817306042367,-0.4833506807774497,-1.7689621501701802,0.09435927984452819,4.6201834117609994,2.9455805414353473,-0.10002893614419986,1.8480733647043999,1.7480444285602,1.7689621501701802,-0.19438821598872805,-2.7721100470565996,-1.1975361128751474
0.0801,0.15005451473420361,0.9198999999999999,0.8499454852657964,1.7950786607503029,1.9513845643551504,1.9003775590294993,0.873339759478197,29.69969808726888,-0.030675991069501085,-1.0431995834430845,-0.7210237878306386,0.03877539404485821,1.8852214149090467,1.2029730211232663,-0.041105246047553674,0.7540885659636186,0.7129833199160649,0.7210237878306386,-0.07988064009241189,-1.1311328489454282,-0.48998970120720153,-1.7863883480631308,0.09606883057450746,4.670771791379036,2.980452273890413,-0.10184120666052966,1.8683087165516143,1.7664675098910847,1.7863883480631308,-0.19791003723503714,-2.802463074827422,-1.2139847639993282
0.0811,0.15167453023235178,0.9189,0.8483254697676482,1.8174891309219672,1.9778965403438529,1.9255717167718414,0.8702161557626602,29.59347357809144,-0.030981555429017302,-1.053590922123558,-0.7280135269894823,0.039465782250723044,1.9055746039817199,1.2170268592429605,-0.041837116806560624,0.7622298415926878,0.7203927247861271,0.7280135269894823,-0.08130289905728366,-1.143344762389032,-0.49663413445683346,-1.8037059300903857,0.0977793170624884,4.721198282736197,3.0152716697082997,-0.10365446916066402,1.8884793130944788,1.7848248439338148,1.8037059300903857,-0.20143378622315242,-2.8327189696417188,-1.2304468257744854
0.0821,0.153289379022246,0.9178999999999999,0.846710620977754,1.8398996010936313,2.004466282921485,1.95080578037651,0.8671057128166377,29.487696627698462,-0.03128551497125191,-1.0639276857223048,-0.7349596459557916,0.04015643338067805,1.9258628807186182,1.2310596681435046,-0.042569266287671666,0.7703451522874473,0.7277758859997756,0.7349596459557916,-0.08272569966834972,-1.155517728431171,-0.5032837821437293,-1.8209154399499823,0.09949045496383328,4.771463949107788,3.0500389641216388,-0.10546842221487927,1.9085855796431153,1.803117157428236,1.8209154399499823,-0.20495887717871256,-2.8628783694646724,-1.2469218066934027
0.08310000000000001,0.1548990950166645,0.9169,0.8451009049833356,1.8623100712652956,2.0310939810942252,1.976079893280956,0.8640083636181045,29.38236495686941,-0.03158787936527644,-1.0742102030558038,-0.7418623637168745,0.040847234993096775,1.946086671185535,1.245071542461757,-0.04330157529311093,0.7784346684742138,0.7351330931811029,0.7418623637168745,-0.08414881028620771,-1.167652002711321,-0.5099384492806542,-1.8380174201987443,0.10120196569631676,4.821569846102488,3.08475439160006,-0.10728277050210344,1.928627938440995,1.8213451679388917,1.8380174201987443,-0.2084847361984202,-2.892941907661493,-1.263409223661169
0.08410000000000001,0.15650371188363932,0.9158999999999999,0.8434962881163607,1.8847205414369597,2.0577798246936996,2.001394199392252,0.8609240414225838,29.277476295822353,-0.03188865821459681,-1.084438800710843,-0.7487218987813834,0.041538076934290374,1.9662463983733742,1.259062576526281,-0.04403392705051371,0.7864985593493496,0.742464632298836,0.7487218987813834,-0.08557200398480408,-1.1797478390240246,-0.5165979442274453,-1.8550124122075897,0.10291357634624368,4.8715170217107175,3.1194181858493715,-0.10909722471039536,1.9486068086842867,1.8395095839738913,1.8550124122075897,-0.21201080105663905,-2.922910213026431,-1.2799086018754804
0.08510000000000001,0.1581032630480134,0.9149,0.8418967369519866,1.907131011608624,2.0845240043814885,2.0267488430890364,0.8578526797651399,29.173028384281714,-0.032187861057481545,-1.094613803055679,-0.755538469161787,0.042228851301189446,1.986342482217717,1.2730328643571194,-0.04476620717336396,0.7945369928870869,0.7497707857137229,0.755538469161787,-0.08699505847455341,-1.19180548933063,-0.5232620786433964,-1.871900956118107,0.10462501957599053,4.921306516353113,3.154030579810996,-0.11091150143892568,1.9685226065412456,1.8576111051023199,1.871900956118107,-0.21553652101491622,-2.952783909811867,-1.2964194747086761
0.08610000000000001,0.15969778169300064,0.9138999999999999,0.8403022183069994,1.9295414817802883,2.111326711653669,2.052143969223686,0.8547942124622604,29.069018971542306,-0.032485497367293566,-1.1047355322513213,-0.7623122923574872,0.042919452404588956,2.006375339618418,1.2869824996655197,-0.04549830362203235,0.8025501358473672,0.7570518322253349,0.7623122923574872,-0.0884177560266213,-1.2038252037710508,-0.5299306674401849,-1.8886835908007245,0.10633603353294227,4.970939362929084,3.1885918056613014,-0.11272532310144594,1.9883757451716333,1.8756504220701873,1.8886835908007245,-0.2190613566343882,-2.9825636177574504,-1.3129413835911141
0.08710000000000001,0.1612873007617485,0.9129,0.8387126992382515,1.9519519519519524,2.138188138845385,2.077579723124281,0.8517485736136449,28.965445816530124,-0.032781576552825084,-1.1148043082629215,-0.7690435853384172,0.04360977673295694,2.0263453844592396,1.3009115758537795,-0.046230106665409346,0.8105381537836959,0.7643080471182865,0.7690435853384172,-0.0898398833983663,-1.2158072306755439,-0.5366035287354929,-1.9053608538140732,0.1080463617598256,5.020416586865447,3.2231020948111992,-0.11453841783123157,2.008166634746179,1.8936282169149472,1.9053608538140732,-0.22258477959105716,-3.012249952119268,-1.329473877896252
0.0881,0.16287185295890122,0.9119,0.8371281470410987,1.9743624221236162,2.165108479135449,2.1030562505967922,0.8487156976038734,28.86230668785911,-0.03307610795863506,-1.1248204488712472,-0.7757325645292459,0.04429972291678777,2.0462530276274897,1.3148201860150315,-0.04696150884311853,0.818501211050996,0.7715397022078775,0.7757325645292459,-0.0912612317599063,-1.2277518165764936,-0.543280483807154,-1.9219332813658527,0.10975575310639171,5.069739206165095,3.257561677905634,-0.11635051938746287,2.0278956824660384,1.9115451630785756,1.9219332813658527,-0.22610627249385457,-3.0418435236990566,-1.3460165148270584
0.0891,0.1644514707521657,0.9109,0.8355485292478343,1.9967728922952805,2.1920879265509714,2.128573697927105,0.8456955191039927,28.759599363885094,-0.033369100865390126,-1.1347842696842787,-0.7823794457940578,0.04498919169350568,2.0660986770336973,1.3287084229331452,-0.04769240492830898,0.8264394708134791,0.7787470658851702,0.7823794457940578,-0.09268159662181466,-1.2396592062202183,-0.5499613570479751,-1.9384014082748757,0.11146396164246225,5.118908231455732,3.2919707848233184,-0.11816136706304033,2.0475632925822933,1.929401925519253,1.9384014082748757,-0.22962532870550256,-3.071344938873439,-1.3625688593040657
0.0901,0.1660261863738772,0.9099,0.8339738136261228,2.019183362466945,2.219126675972024,2.154132211883161,0.8426879730729989,28.657321632756204,-0.03366056449020756,-1.1446960841488703,-0.7889844444215878,0.04567808587290075,2.08588273763128,1.3425763790825929,-0.04842269189101527,0.8343530950525121,0.7859304031614969,0.7889844444215878,-0.09410077776391602,-1.2515296425787676,-0.5566459759210959,-1.954765767934482,0.11317074657229446,5.167924666038605,3.3263296446764175,-0.1199707055938065,2.0671698664154423,1.947199160821636,1.954765767934482,-0.23314145216610097,-3.1007547996231626,-1.3791304838547815
0.0911,0.16759603182256547,0.9089,0.8324039681774346,2.041593832638609,2.2462249231363285,2.1797319397170702,0.8396929947592255,28.555471292460084,-0.03395050798700079,-1.1545562035625003,-0.7955477751109432,0.04636631030309359,2.1056056114362223,1.3564241466283726,-0.049152268862077506,0.842242244574489,0.7930899757124116,0.7955477751109432,-0.09551857916517109,-1.2633633668617332,-0.5633341709159612,-1.9710268922771697,0.1148758721502562,5.216789505937264,3.360638485810351,-0.12177828506915508,2.086715802374906,1.9649375173057508,1.9710268922771697,-0.2366541572194113,-3.130073703562358,-1.3957009685045998
0.0921,0.1691610388645213,0.9079,0.8308389611354787,2.064004302810273,2.2733828646439838,2.2053730291672453,0.8367105197016427,28.45404615086806,-0.03423894044682739,-1.1643649370851061,-0.8020696519578228,0.047053771837025124,2.1252676975467586,1.3702518174259608,-0.04988103709761863,0.8501070790187035,0.8002260419210849,0.8020696519578228,-0.09693480893464376,-1.275160618528055,-0.5700257755048761,-1.9871853117404468,0.116579107597802,5.265503739946317,3.394897535803673,-0.12358386084402119,2.1062014959785276,1.9826176351345064,1.9871853117404468,-0.2401629684418232,-3.15930224396779,-1.4122799006691662
0.0931,0.17072123903536235,0.9069,0.8292787609646377,2.0864147729819376,2.3006006979622198,2.2310556284605454,0.8337404837310669,28.353044025776292,-0.03452587089823893,-1.174122591750981,-0.8085502884412135,0.04774037929945756,2.144869392163041,1.3840594830212851,-0.050608899944060357,0.8579477568652165,0.8073388569211561,0.8085502884412135,-0.09834927924351791,-1.2869216352978246,-0.576720626100129,-2.003241555233874,0.11828022702171566,5.31406834968017,3.4291070214680115,-0.1253871934522055,2.1256273398720684,2.0002401464198627,2.003241555233874,-0.24366742047392115,-3.1884410098081015,-1.4288668750481486
0.0941,0.17227666364159852,0.9059,0.8277233363584015,2.1088252431536016,2.327878621430181,2.2567798863144293,0.8307828229712914,28.252462744944214,-0.034811308307633126,-1.1838294724807499,-0.8149898974105756,0.048426043454486464,2.16441108860681,1.3978472346507211,-0.051335762803682836,0.8657644354427242,0.8144286726390414,0.8149898974105756,-0.0997618062581693,-1.2986466531640861,-0.5834185620116799,-2.0191961501073146,0.11997900933361895,5.362484309621752,3.463267168848056,-0.1271880485210461,2.144993723848701,2.0178056753276548,2.0191961501073146,-0.24716705785466503,-3.2174905857730507,-1.445461493520401
0.0951,0.17382734376219428,0.9049,0.8261726562378058,2.1312357133252657,2.355216834263748,2.2825459519391234,0.8278374738401082,28.15230014612929,-0.035095261579606754,-1.1934858820933703,-0.8213886910734345,0.04911067697354625,2.1838931773410217,1.4116151632411333,-0.05206153310071235,0.8735572709364088,0.8214957378356964,0.8213886910734345,-0.1011722100742586,-1.310335906404613,-0.590119425405437,-2.0350496221201912,0.12167523817070294,5.4107525871711495,3.497378203221661,-0.12898619668739808,2.16430103486846,2.035314838181062,2.0350496221201912,-0.250661434858101,-3.2464515523026893,-1.4620633650405992
0.0961,0.1753733102501325,0.9039,0.8246266897498675,2.1536461834969303,2.3826155365603827,2.308353975039806,0.8249043730502861,28.052554077120252,-0.03537773955731184,-1.2030921213182464,-0.8277468809834987,0.049794194403920404,2.2033160459894954,1.425363359409917,-0.052786120247932576,0.8813264183957983,0.8285402981478657,0.8277468809834987,-0.10258031465185298,-1.321989627593697,-0.5968230612620514,-2.0508024954120487,0.1233687018177099,5.458874142694286,3.5314403490999475,-0.13078141351491082,2.183549657077715,2.052768243562804,2.0508024954120487,-0.2541501153326207,-3.2753244856165713,-1.4786721055371432
0.0971,0.17691459373397406,0.9029,0.823085406266026,2.1760566536685944,2.4100749293040136,2.3342041058187895,0.8219834576104434,27.953222395766826,-0.03565875102281204,-1.2126484888073474,-0.8340646780291385,0.050476512137726734,2.2226800793565062,1.4390919134650946,-0.053509435613813515,0.8890720317426025,0.835562596128789,0.8340646780291385,-0.10398594775154024,-1.3336080476139038,-0.6035293173363055,-2.066455292474009,0.1250591931300919,5.506849929571458,3.5654538302275407,-0.13257347941258718,2.202739971828583,2.070166492415996,2.066455292474009,-0.2576326725426791,-3.3041099577428747,-1.4952873378115448
0.0981,0.1784512246194152,0.9019,0.8215487753805848,2.1984671238402584,2.43759521436995,2.360096494977732,0.819074664825843,27.85430297000671,-0.03593830469744063,-1.222155281147383,-0.8403422924223285,0.05115754838139008,2.2419856594463536,1.4528009154054153,-0.05423139249014307,0.8967942637785413,0.8425628712883982,0.8403422924223285,-0.10538894087153315,-1.3451913956678123,-0.610238044117017,-2.082008534121373,0.1267465094583774,5.554680894245821,3.5994188695828253,-0.13436217955458876,2.221872357698328,2.0875101781437393,2.082008534121373,-0.26110868901296613,-3.3328085365474927,-1.5119086914390858
0.09910000000000001,0.1799832330908438,0.9009,0.8200167669091563,2.220877594011923,2.4651765945298285,2.3860312937198516,0.8161779322991302,27.755793677890722,-0.036216409242160186,-1.231612792872033,-0.8465799336880214,0.051837223125583844,2.2612331654829103,1.4664904549204727,-0.05495190606016842,0.9044932661931643,0.8495413601329959,0.8465799336880214,-0.10678912918575226,-1.356739899289746,-0.6169490947874767,-2.097462739467298,0.12843045257369903,5.602367976271825,3.6333356893782263,-0.1361473038013036,2.240947190508731,2.1047998867074273,2.097462739467298,-0.26457775637500264,-3.3614207857630944,-1.528535802670799
0.10010000000000001,0.1815106491128913,0.8999,0.8184893508871087,2.243288064183587,2.492819273456592,2.412008653752151,0.813293197930982,27.657692407604852,-0.03649307325792296,-1.241021316474205,-0.8527778106538622,0.052515458115640276,2.2804229739291255,1.4801606213909038,-0.05567089336722377,0.9121691895716504,0.8564982962044266,0.8527778106538622,-0.10818635148286404,-1.3682537843574751,-0.623662325186477,-2.1128184258973106,0.1301108285944831,5.649912108363532,3.6672045110607048,-0.13792864662161936,2.259964843345413,2.1220361967237937,2.1128184258973106,-0.2680394752161025,-3.389947265018119,-1.5451683143369106
0.10110000000000001,0.18303350243198158,0.8989,0.8169664975680184,2.265698534355251,2.5205234557295038,2.4380287272876617,0.810420399920688,27.55999705749001,-0.036768305286032026,-1.250381142418314,-0.8589361314403785,0.05319217682241687,2.2995554585064784,1.4938115038885167,-0.05638827328384961,0.9198221834025914,0.8634339101187417,0.8589361314403785,-0.10958045010626649,-1.379733275103887,-0.6303775937697751,-2.1280761090450016,0.13178744791426902,5.6973142164428126,3.7010255553120803,-0.13970600701641384,2.2789256865771255,2.1392196795607115,2.1280761090450016,-0.2714934549306829,-3.418388529865687,-1.5618058757513684
0.10210000000000001,0.18455182257787744,0.8979,0.8154481774221225,2.2881090045269157,2.548289346839197,2.4640916670476964,0.8075594767666741,27.46270553605984,-0.03704211380850394,-1.2596925591526167,-0.8650551034514933,0.053867304413620386,2.318630990214411,1.5074431911765382,-0.05710396648139176,0.9274523960857645,0.8703484296043728,0.8650551034514933,-0.11097127089501214,-1.3911785941286468,-0.6370947615721656,-2.143236302768523,0.13346012513066227,5.7445752196874995,3.7347990420496386,-0.14147918844323473,2.2978300878749995,2.156350899431765,2.143236302768523,-0.274939313573897,-3.4467451318125,-1.5784481426178738
0.10310000000000001,0.18606563886522243,0.8969,0.8139343611347776,2.3105194746985798,2.576117153192752,2.4901976262641123,0.8047103672669488,27.365815762015924,-0.03731450724843166,-1.2689558531215521,-0.8711349333654573,0.054540767725574264,2.3376499373496973,1.5210557717098143,-0.057817895400072435,0.9350599749398789,0.8772420795398065,0.8711349333654573,-0.1123586631256467,-1.4025899624098184,-0.6438136921700077,-2.158299519128123,0.1351286789753865,5.791696030579364,3.7685251904266273,-0.14324799874214827,2.3166784122317456,2.1734304134895974,2.158299519128123,-0.27837667771753477,-3.4750176183476182,-1.5950947769370298
0.10410000000000001,0.1875749803950776,0.8959,0.8124250196049224,2.332929944870244,2.604007082118812,2.516346758681592,0.8018730105194775,27.26932566426047,-0.03758549397034773,-1.2781713087780937,-0.8771758271261078,0.05521249523542344,2.3566126655257524,1.5346493336350682,-0.058529984219526,0.942645066210301,0.8841150819907749,0.8771758271261078,-0.11374247945494945,-1.4139675993154515,-0.6505342516442931,-2.1732662683644848,0.13679293224541852,5.838677554951969,3.802204218832903,-0.14501225006273946,2.335471021980788,2.1904587719180486,2.1732662683644848,-0.281805182308158,-3.5032065329711815,-1.6117454469148547
0.1051,0.18907987605645712,0.8949,0.8109201239435428,2.355340415041908,2.6319593418727316,2.542539218559935,0.7990473459225227,27.173233181907918,-0.03785508228058911,-1.287339208596155,-0.8831779899345203,0.05588241703378142,2.375519537691923,1.5482239647911842,-0.05924015882980252,0.9502078150767693,0.8909676562469668,0.8831779899345203,-0.11512257586358393,-1.4253117226151537,-0.6572563085442173,-2.1881370588780498,0.13845271173521992,5.885520692038454,3.835836344895624,-0.1467717587922715,2.3542082768153816,2.20743651802311,2.1881370588780498,-0.28522447052749145,-3.531312415223072,-1.628399826872514
0.1061,0.19058035452785566,0.8939,0.8094196454721443,2.377750885213572,2.659974141641763,2.568775160676355,0.7962333131748885,27.077536264293226,-0.03812328042766111,-1.296459833082967,-0.8891416262409864,0.056550464797793944,2.394370914152679,1.5617797527094868,-0.05994834680281148,0.9577483656610717,0.8978000188582602,0.8891416262409864,-0.11649881160060542,-1.4366225484916075,-0.6639797338512266,-2.2029123972091336,0.14010784816999994,5.932226334519081,3.8694217854799473,-0.14852634548493523,2.3728905338076327,2.2243641883226974,2.2029123972091336,-0.28863419365493515,-3.559335800711448,-1.6450575971572499
0.1071,0.19207644427877324,0.8929,0.8079235557212268,2.400161355385236,2.6880516915502697,2.5950547403278073,0.7934308522761273,26.9822328709789,-0.03839009660260229,-1.3055334607914864,-0.8950669397373466,0.057216571764631435,2.413167152586769,1.5753167846140539,-0.06065447736422306,0.9652668610347077,0.9046123836704847,0.8950669397373466,-0.11787104912885449,-1.4479002915520613,-0.6707044009435692,-2.2175927880189374,0.14175817614004144,5.978795368568706,3.90296075668981,-0.15027583479223283,2.3915181474274827,2.24124231263525,2.2175927880189374,-0.29203401093227427,-3.5872772211412234,-1.6617184440545603
0.1081,0.193568173571235,0.8919,0.806431826428765,2.4225718255569006,2.716192202664985,2.6213781133333067,0.7906399035266886,26.887320971760097,-0.038655538939349754,-1.3145603683328182,-0.9009541333496383,0.05788067270539455,2.431908608066316,1.5888351474220723,-0.061358481365804296,0.9727634432265264,0.9114049618607221,0.9009541333496383,-0.11923915407119884,-1.4591451648397895,-0.67743018556135,-2.2321787340713297,0.1434035340360498,6.025228673904079,3.9364534738687986,-0.1520200553944385,2.410091469561632,2.258071414167193,2.2321787340713297,-0.2954235894304883,-3.615137204342447,-1.6783820597016055
0.1091,0.19505557046130442,0.8909,0.8049444295386956,2.4449822957285647,2.7443958870002962,2.6477454360362827,0.7878604075279966,26.792798546667203,-0.038919615515103805,-1.323540830388618,-0.9068034092310816,0.05854270389942495,2.4505956330758263,1.6023349277441696,-0.06206029125818865,0.9802382532303304,0.9181779619721417,0.9068034092310816,-0.12060299515761361,-1.4703573798454959,-0.6841569657720279,-2.2466707362154694,0.14504376398550609,6.071527123830942,3.9699001516009784,-0.15375883993313297,2.428610849532376,2.274852009599243,2.2466707362154694,-0.29880260391863905,-3.6429162742985657,-1.6950481420017354
0.1101,0.19653866280059298,0.8899,0.803461337199407,2.467392765900229,2.772662957523574,2.674156865306921,0.7850923051824975,26.69866358596748,-0.039182334350693473,-1.33247511972352,-0.9126149687553702,0.059202603109025476,2.4692285775311587,1.6158162118848138,-0.06275984106407398,0.9876914310124637,0.9249315899483898,0.9126149687553702,-0.12196244417309945,-1.4815371465186948,-0.6908846219364241,-2.2610692933691805,0.14667871179003447,6.117691585291028,4.003301003711882,-0.1554920249447999,2.447076634116412,2.291584609171612,2.2610692933691805,-0.3021707367348344,-3.670614951174616,-1.7117163945402698
0.1111,0.19801747823776242,0.8889,0.8019825217622376,2.4898032360718934,2.8009936281605277,2.700612558544547,0.782335537693631,26.60491409016409,-0.039443703410941215,-1.3413635071975416,-0.9183890125102777,0.059860309554571056,2.4878077887983987,1.629279085842692,-0.06345706635184116,0.9951231155193595,0.9316660491675184,0.9183890125102777,-0.12331737590641222,-1.4926846732790393,-0.6976130366751738,-2.275374902503114,0.1483082268637377,6.163722918908826,4.03665624326945,-0.15721945079546382,2.4654891675635304,2.308269716768067,2.275374902503114,-0.3055276776592015,-3.698233751345296,-1.7283865265013836
0.1121,0.19949204422002242,0.8879,0.8005079557799776,2.5122137062435574,2.8293881138006047,2.727112673679996,0.7795900465657667,26.511548069993932,-0.03970373060502791,-1.350206261778495,-0.9241257402915468,0.06051576389001446,2.506333611712671,1.6427236353111385,-0.06415190420958598,1.0025334446850687,0.9383815404754827,0.9241257402915468,-0.12466766809960045,-1.5038001670276022,-0.7043420948356558,-2.2895880586256085,0.1499321621725109,6.209621979038186,4.069966082585088,-0.15894096161635238,2.4838487916152747,2.3249078299989225,2.2895880586256085,-0.3088731237888633,-3.725773187422911,-1.745058252586166
0.1131,0.20096238799462188,0.8869,0.7990376120053782,2.5346241764152215,2.8578466303024257,2.753657369178019,0.7768557736040836,26.418563546423535,-0.039962423786857465,-1.3590036505543859,-0.9298253510970895,0.06116890817877426,2.5248063885968794,1.6561499456785642,-0.06484429321955935,1.0099225554387519,0.9450782622191926,0.9298253510970895,-0.1260132013983336,-1.5148838331581276,-0.7110716834593717,-2.3037092547683184,0.15155037417430212,6.255389613808749,4.103230733214732,-0.16065640524057012,2.5021558455234993,2.341499440282929,2.3037092547683184,-0.31220677941487224,-3.7532337682852495,-1.7617312929318032
0.11410000000000001,0.20242853661033408,0.8859,0.7975714633896659,2.5570346465868856,2.8863693944992495,2.780246804039683,0.7741326609144089,26.325958550643573,-0.040219790755421085,-1.3677559387458018,-0.9354880431214639,0.061819685870008176,2.5432264592803633,1.6695581020289074,-0.06553417343301285,1.0172905837121453,0.9517564102791325,0.9354880431214639,-0.127353859303021,-1.525935875568218,-0.717801691749775,-2.3177389819725316,0.15316272276032789,6.301026665172167,4.136450405959964,-0.1623656331407765,2.520410666068867,2.3580450329280906,2.3177389819725316,-0.3155283559011044,-3.7806159991033,-1.7784053730318727
0.11510000000000001,0.2038905169189355,0.8849,0.7961094830810644,2.57944511675855,2.914956624204486,2.8068811378048006,0.7714206509030017,26.23373112406154,-0.04047583925516114,-1.3764633897182865,-0.9411140137506282,0.06246804177525094,2.5615941611174775,1.6829481891421003,-0.06622148634543776,1.0246376644469912,0.9584161781015534,0.9411140137506282,-0.1286895281206887,-1.5369564966704863,-0.7245320110405468,-2.3316777292761715,0.15476907119719202,6.346533968948151,4.169625310869172,-0.1640685003678389,2.538613587579261,2.374545087211422,2.3316777292761715,-0.3188375715650309,-3.80792038136889,-1.7950802236577492
0.11610000000000001,0.20534835557667783,0.8839,0.7946516444233221,2.6018555869302142,2.943608538217235,2.8335605305543665,0.7687196862762948,26.14187931829294,-0.04073057697633435,-1.3851262649946894,-0.9467034595569397,0.06311392204542865,2.5799098290060867,1.6963202914945756,-0.06690617487219279,1.031963931602435,0.9650577567302422,0.9467034595569397,-0.13002009691762145,-1.5479458974036517,-0.7312625347643336,-2.3455259837014064,0.15636928606993675,6.391912354870268,4.202755657238798,-0.16576486549044844,2.5567649419481078,2.3910000764576593,2.3455259837014064,-0.32213415156038516,-3.83514741292216,-1.811755580781139
0.11710000000000001,0.20680207904575484,0.8829,0.7931979209542451,2.6242660571018783,2.9723253563278718,2.8602851429130025,0.7660297100406048,26.05040119515143,-0.04098401155537519,-1.393744824267525,-0.9522565762944719,0.06375727414823329,2.598173795405994,1.7096744932597554,-0.06758818332452184,1.0392695181623977,0.9716813348378758,0.9522565762944719,-0.1313454574727551,-1.5589042772435964,-0.7379931584218795,-2.3592842302430475,0.15796323722598662,6.43716264663162,4.235841653614559,-0.16745459053570222,2.5748650586526476,2.4074104681169453,2.3592842302430475,-0.3254178277616888,-3.8622975879789725,-1.8284311854976139
0.11810000000000001,0.20825171359575995,0.8819,0.79174828640424,2.646676527273543,3.001107299323668,2.8870551360514267,0.7633506655017774,25.959294826636775,-0.04123615057525735,-1.4023193254112656,-0.9577735588945346,0.06439804684585233,2.616386390357252,1.7230108783085698,-0.06826745738594626,1.046554556142901,0.9782870987569547,0.9577735588945346,-0.1326655042317986,-1.5698318342143511,-0.7447237795516151,-2.37295295185745,0.15955079771997205,6.482285661930199,4.2688835077927205,-0.16913754093061364,2.59291426477208,2.4237767238414665,2.37295295185745,-0.32868833865058567,-3.8893713971581185,-1.8451067839512545
0.11910000000000001,0.20969728530513937,0.8809,0.7903027146948607,2.669086997445207,3.029954588994445,2.9138706716889304,0.7606824962648141,25.868558294922135,-0.04148700156585581,-1.4108500244946531,-0.9632546014614561,0.06503619017305279,2.6345479414984228,1.7363295302100195,-0.06894394408903018,1.0538191765993692,0.984875232510339,0.9632546014614561,-0.13398013426208297,-1.5807287648990536,-0.7514542976996804,-2.386532629452063,0.16113184375943074,6.52728221251413,4.301881426821499,-0.17081358544454667,2.6109128850056527,2.440099299561106,2.386532629452063,-0.3319454292039774,-3.9163693275084777,-1.8617821272603923
0.1201,0.2111388200626369,0.8799,0.788861179937363,2.691497467616871,3.0588674481382774,2.9407319120958704,0.7580251462334465,25.778189692339602,-0.04173657200430744,-1.419337175792963,-0.9686998972686323,0.06567165541561193,2.6526587740847254,1.7496305322317052,-0.06961759179251559,1.0610635096338903,0.9914459178413747,0.9686998972686323,-0.13528924720812752,-1.591595264450835,-0.7581846143903304,-2.4000237418756396,0.16270625465136848,6.572153104226642,4.334835617002371,-0.17248259613256642,2.6288612416906565,2.45637864555809,2.4000237418756396,-0.3351888507839349,-3.943291862535985,-1.8784569714442805
0.1211,0.21257634356873145,0.8789,0.7874236564312685,2.713907937788535,3.087846100567226,2.9676390200961738,0.7553785596096736,25.68818712136445,-0.041984869315370724,-1.4277810318002357,-0.9741096387547751,0.06630439508908635,2.6707192110061,1.7629139673404115,-0.07028835015881664,1.0682876844024403,0.9979993342436236,0.9741096387547751,-0.136592745247903,-1.60243152660366,-0.7649146330967879,-2.413426765908946,0.16427391274965786,6.6168991370508055,4.367746283891517,-0.17414444827967968,2.6467596548203223,2.4726152065406426,2.413426765908946,-0.33841836102933753,-3.970139482230483,-1.8951310773508747
0.1221,0.21400988133706866,0.8779,0.7859901186629313,2.736318407960199,3.1168907711131095,2.994592159069864,0.7527426808932735,25.598548694598538,-0.04223190087178531,-1.4361818432415068,-0.9794840175204276,0.06693436291792201,2.6887295728051925,1.776179918202687,-0.0709561701318744,1.0754918291220772,1.0045356589902028,0.9794840175204276,-0.13789053304979643,-1.6132377436831153,-0.7716442592124841,-2.4267421762561208,0.16583470340328188,6.661521105154106,4.400613632301267,-0.17579902034596834,2.664608442061643,2.4888094217156747,2.4267421762561208,-0.3416337237492502,-3.996912663092463,-1.9118042105855926
0.1231,0.21543945869588374,0.8769,0.7845605413041162,2.7587288781318637,3.1460016856333257,3.0215914929555905,0.7501174548812655,25.50927253475204,-0.04247767399462992,-1.4445398590849756,-0.9848232243246657,0.06756151381489188,2.70669017769523,1.7894284671854561,-0.07162100391535733,1.082676071078092,1.0110550671627347,0.9848232243246657,-0.1391825177302492,-1.624014106617138,-0.7783734000227216,-2.4399704455365105,0.1673885149053893,6.706019796932726,4.433437866301605,-0.1774461939125797,2.6824079187730905,2.504961724860511,2.4399704455365105,-0.344834708817969,-4.023611878159636,-1.9284761414410947
0.1241,0.21686510078941765,0.8759,0.7831348992105823,2.781139348303528,3.1751790710166996,3.04863718625318,0.7475028266673462,25.42035677462421,-0.04272219595367966,-1.4528553265541586,-0.9901274490820502,0.06818580386086025,2.724601341577814,1.802659696356624,-0.07228280495121209,1.0898405366311255,1.0175577316799134,0.9901274490820502,-0.14046860881207235,-1.6347608049466884,-0.7851019646767106,-2.453112044277113,0.16893523844315925,6.750395995055627,4.466219189221674,-0.17908585362858442,2.7001583980222508,2.5210725443936663,2.453112044277113,-0.3480210920717437,-4.050237597033377,-1.9451466448280073
0.1251,0.2182868325793242,0.8749,0.7817131674206758,2.8035498184751915,3.2044231551893825,3.075729404026202,0.7448987416412809,25.33179955708275,-0.042965473967761576,-1.4611284911399782,-0.9953968808597594,0.06880719028486697,2.7424633780605974,1.8158736874857049,-0.07294152789854987,1.0969853512242391,1.0240438233256892,0.9953968808597594,-0.14174871818341683,-1.6454780268363582,-0.7918298641600157,-2.4661674409054757,0.17047476804845843,6.79465047650835,4.498957803651333,-0.18071788715866596,2.717860190603341,2.537142303444675,2.4661674409054757,-0.3511926552071244,-4.076790285905009,-1.9618155002066575
0.1261,0.21970467884607264,0.8739,0.7802953211539274,2.825960288646856,3.2337341671207867,3.1028683119045466,0.7423051454882843,25.24359903504271,-0.04320751520511057,-1.469359596612869,-1.0006317078749651,0.06942563144453244,2.76027659847491,1.8290705220444772,-0.07359712861287347,1.104110639389964,1.0305135107770906,1.0006317078749651,-0.1430227600574059,-1.6561659590849458,-0.7985570112673865,-2.479137101743193,0.1720070005492931,6.838784012636679,4.531653911442779,-0.18234218513165415,2.735513605054672,2.5531714199230175,2.479137101743193,-0.35434918568094725,-4.1032704075820075,-1.9784824915197614
0.1271,0.22111866419033985,0.8729,0.7788813358096601,2.84837075881852,3.2631123368295567,3.130054076087018,0.7397219841883544,25.155753371443847,-0.04344832678372305,-1.4775488850348024,-1.0058321174923854,0.07004108680677,2.7780413118932423,1.842250281207627,-0.07424956412563156,1.111216524757297,1.0369669606316654,1.0058321174923854,-0.14429065093240157,-1.6668247871359454,-0.8052833205759615,-2.492021490999844,0.17353183552202275,6.882797369189964,4.564307713712143,-0.18395864108986926,2.7531189476759854,2.569160306586116,2.492021490999844,-0.35749047661189204,-4.129678421513979,-1.9951474071260265
0.1281,0.22252881303439506,0.8719,0.7774711869656049,2.870781228990184,3.2925578953895904,3.157286863343945,0.7371492040155744,25.068260739226883,-0.04368791577170937,-1.4856965967712747,-1.0109982962220114,0.07065351692880417,2.7957578251466497,1.8554130458534424,-0.07489879262409689,1.1183031300586597,1.0434043374345627,1.0109982962220114,-0.14555230955290105,-1.67745469508799,-0.8120087084188796,-2.504821070767361,0.17504917524433122,6.926691306364235,4.596919410841205,-0.18556715143926897,2.7706765225456933,2.5851093711064244,2.504821070767361,-0.3606163266836002,-4.1560147838185415,-2.0118100397347805
0.1291,0.22393514962347733,0.8709,0.7760648503765226,2.8931916991618487,3.322071074936099,3.184566841019801,0.7345867515373923,24.98111932130901,-0.043926289187645545,-1.4938029705032634,-1.0161304297170821,0.07126288343949283,2.813426442842054,1.8685588965644646,-0.07554477343156528,1.1253705771368214,1.0498258037052561,1.0161304297170821,-0.14680765687105812,-1.6880558657052325,-0.8187330928592085,-2.517536301015011,0.17655892464895115,6.970466578845073,4.6294892024790135,-0.18716761540039004,2.788186631538029,2.601019016137639,2.517536301015011,-0.3637265400493412,-4.182279947307045,-2.0284701863413748
0.1301,0.22533769802716547,0.8699,0.7746623019728345,2.915602169333513,3.3516521086717006,3.2118941770358447,0.7320345736138776,24.894327310558616,-0.04416345400092376,-1.5018682432391512,-1.0212287027721956,0.0718691490209486,2.831047467379456,1.881687913628209,-0.07618746698787289,1.1324189869517824,1.0562315199639096,1.0212287027721956,-0.14805661600882147,-1.6986284804276734,-0.8254563936642993,-2.5301676395847146,0.17806099127812966,7.014123935850254,4.662017287543669,-0.18875993496007823,2.8056495743401015,2.616889639380023,2.5301676395847146,-0.3668209262382079,-4.208474361510152,-2.045127648163646
0.1311,0.22673648214073813,0.8689,0.7732635178592618,2.938012639505177,3.3813012308725705,3.2392690398927733,0.7294926173969348,24.807882909768523,-0.04439941713210075,-1.509892650326572,-1.0262932993216012,0.0724722773904474,2.848621198969024,1.8948001770378702,-0.07682683483021648,1.1394484795876094,1.0626216447573928,1.0262932993216012,-0.1492991122206639,-1.7091727193814146,-0.8321785322804773,-2.5427155421868184,0.17955528523880554,7.057664121172083,4.69450386422407,-0.19034401482396907,2.8230656484688326,2.6327216336448633,2.5427155421868184,-0.3698993000627746,-4.234598472703251,-2.0617822305792073
0.1321,0.22813152568652864,0.8679,0.7718684743134714,2.9604231096768414,3.4110186768946202,3.266691598673394,0.7269608303295129,24.721784331629117,-0.0446341854532462,-1.517876425464258,-1.0313244024377106,0.07307223328262959,2.866147935648113,1.907895766493032,-0.07746283957428933,1.1464591742592452,1.0689963346849558,1.0313244024377106,-0.15053507285691892,-1.7196887613888678,-0.8388994318080761,-2.555180462396404,0.18104171915851114,7.101087873219566,4.726949129981673,-0.19191976236975117,2.840435149287827,2.6485153869180755,2.555180462396404,-0.3729614815282623,-4.260652723931739,-2.0784337430635973
0.1331,0.22952285221526855,0.8669,0.7704771477847314,2.9828335798485055,3.4408046831797265,3.2941620230453013,0.7244391601447676,24.636029798699862,-0.04486776578828828,-1.525819800713792,-1.0363221943297203,0.0736689824319841,2.8836279732981476,1.9209747614004113,-0.07809544489570856,1.153451189319259,1.0753557444235504,1.0363221943297203,-0.15176442732769266,-1.7301767839788886,-0.845619016976861,-2.567562851649874,0.1825202081419757,7.1443959250602385,4.7593532815523405,-0.19348708760115044,2.8577583700240954,2.664271282422945,2.567562851649874,-0.37600729574312614,-4.286637555036143,-2.095081999129395
0.1341,0.2309104851074251,0.8659,0.7690895148925749,3.0052440500201696,3.4706594872620045,3.3216804832635876,0.7219275548652133,24.55061754338044,-0.045100164913358644,-1.5337230065113376,-1.0412868563424391,0.07426249155560997,2.9010616056614222,1.9340372408745932,-0.0787246155117414,1.160424642264569,1.0817000267528276,1.0412868563424391,-0.15298710706735136,-1.7406369633968533,-0.8523372141217656,-2.57986315924205,0.18399066972841568,7.187589004461781,4.791716514948147,-0.19504590310265615,2.875035601784713,2.679989698682057,2.57986315924205,-0.37903657283107184,-4.312553402677068,-2.1117268162660903
0.1351,0.23229444757453072,0.8649,0.7677055524254692,3.027654520191834,3.5005833277741165,3.349247150173548,0.7194259628018558,24.465545807881284,-0.04533138955713633,-1.5415862716793367,-1.0462185689552588,0.07485272833625743,2.9184491243578066,1.9470832837388052,-0.07935031716332842,1.1673796497431228,1.0880293325797943,1.0462185689552588,-0.15420304549958586,-1.7510694746146838,-0.8590539511590108,-2.5920818323236183,0.185453023849518,7.23066783393342,4.824039025459319,-0.19659612399498191,2.8922671335733683,2.6956710095783865,2.5920818323236183,-0.38204914784449995,-4.338400700360051,-2.1283680158809326
0.1361,0.2336747626605018,0.8639,0.7663252373394982,3.050064990363498,3.5305764444536374,3.376862195213418,0.7169343325532828,24.380812844192626,-0.04556144640118881,-1.5494098234381057,-1.0511175117812968,0.07543966140563044,2.9357908189013138,1.9601129685256473,-0.07997251659738464,1.1743163275605253,1.0943438109631407,1.0511175117812968,-0.15541217800301507,-1.7614744913407885,-0.8657691575625068,-2.6042193158990106,0.1869071927880706,7.273633130766966,4.856321007656026,-0.19813766789121548,2.9094532523067858,2.71131558441557,2.6042193158990106,-0.3850448606792861,-4.364179878460181,-2.1450054232404567
0.1371,0.23505145324295154,0.8629,0.7649485467570485,3.0724754605351623,3.560639078149452,3.4045257904171184,0.7144526130047524,24.29641691405352,-0.04579034208031274,-1.5571938874174243,-1.055983863566661,0.07602326032796673,2.9530869767165924,1.973126373477898,-0.08059118154938939,1.181234790686637,1.1006436091372476,1.055983863566661,-0.15661444187735613,-1.7718521860299554,-0.8724827643406505,-2.6162760528245794,0.18835310113728118,7.316485607077682,4.888562655390383,-0.1996704548536838,2.9265942428310723,2.7269237879773884,2.6162760528245794,-0.38802355599096494,-4.389891364246609,-2.1616388674129947
0.1381,0.23642454203449428,0.8619,0.7635754579655057,3.0948859307068264,3.5907714708282,3.4322381084170197,0.7119807533272576,24.212356288920006,-0.04601808318287317,-1.5649386876680713,-1.0608178021898904,0.0766034955838752,2.970337883155317,1.986123576549302,-0.08120628072625403,1.1881351532621267,1.1069288725358726,1.0608178021898904,-0.15780977631012924,-1.7822027298931904,-0.8791947040134293,-2.628252483807211,0.18979067576073289,7.3592259698448865,4.920764161798409,-0.20119440735150668,2.943690387937954,2.742495980586447,2.628252483807211,-0.39098508311223956,-4.415535581906933,-2.178268181211961
0.1391,0.23779405158403988,0.8609,0.7622059484159601,3.117296400878491,3.620973865580776,3.459999322446719,0.7095187029765628,24.128629249932363,-0.04624467625114026,-1.5726444466732736,-1.0656195046615398,0.07718033855443043,2.987543821512447,1.9991046554053375,-0.08181778378946049,1.1950175286049787,1.1131997448155182,1.0656195046615398,-0.15899812234389094,-1.7925262929074683,-0.8859049105898196,-2.6401490474033005,0.19121984575297735,7.401854920952236,4.952925719301913,-0.2027094502188212,2.960741968380894,2.758032518162073,2.6401490474033005,-0.39392929597179854,-4.441112952571342,-2.1948932011398403
0.1401,0.23916000427808046,0.8599,0.7608399957219195,3.139706871050155,3.651246506628858,3.4878096063438324,0.7070664116922232,24.045234087881752,-0.04647012778162496,-1.5803113853601243,-1.0703891471238516,0.07775376150552102,3.004705073042395,2.0120696874240647,-0.0824256613384707,1.201882029216958,1.1194563678784875,1.0703891471238516,-0.16017942284399173,-1.8028230438254371,-0.8926133195455772,-2.651966180017935,0.1926405424007567,7.444373157227793,4.985047519610615,-0.20421551061367751,2.977749262891117,2.7735337522774395,2.651966180017935,-0.3968560530144342,-4.466623894336676,-2.2115137673331753
0.1411,0.24052242234197033,0.8589,0.7594775776580297,3.162117341221819,3.6815896393314924,3.515669134552818,0.7046238294966006,23.96216910317675,-0.04669444422541375,-1.587939723110964,-1.0751269048506666,0.078323737572455,3.021821916975106,2.0250187496968945,-0.08302988489440509,1.2087287667900428,1.1256988818956377,1.0751269048506666,-0.16135362246686008,-1.8130931501850633,-0.8993198678012568,-2.663704315904676,0.19405269914486248,7.486781370483848,5.017129753724035,-0.20571251797760098,2.99471254819354,2.7890000302159392,2.663704315904676,-0.3997652171224635,-4.492068822290308,-2.2281297235080952
0.1421,0.24188132784119398,0.8579,0.758118672158806,3.1845278113934836,3.7120035101917273,3.5435780821277887,0.7021909066938351,23.87943260580837,-0.04691763198850009,-1.595529677774654,-1.0798329522473307,0.07889024074480112,3.0388946305319893,2.0379519190294597,-0.0836304268839735,1.2155578522127959,1.1319274253288223,1.0798329522473307,-0.16252066762877462,-1.8233367783191934,-0.9060244937006373,-2.675363887165324,0.19545625154257842,7.5290802475564025,5.049172611933657,-0.20720040399578,3.0116320990225613,2.804431695026781,2.675363887165324,-0.4026566555383584,-4.517448148533841,-2.244740916906876
0.1431,0.24323674268262926,0.8569,0.7567632573173707,3.2069382815651477,3.742488366863283,3.5715366247353666,0.6997675938688278,23.797022915315488,-0.04713969743211598,-1.6030814656778496,-1.0845074628508566,0.0794532458514832,3.055923488941785,2.0508692719424113,-0.08422726062367496,1.2223693955767143,1.1381421349530394,1.0845074628508566,-0.16368050647515814,-1.8335540933650705,-0.9127271369893719,-2.6869453237503227,0.19685113723075093,7.571270470344476,5.081176283824904,-0.2086791025579196,3.028508188137791,2.8198290855798716,2.6869453237503227,-0.40553023978867053,-4.542762282206685,-2.261347198245033
0.1441,0.24458868861579894,0.8559,0.755411311384201,3.229348751736812,3.773044458157275,3.5995449386575364,0.6973538418861828,23.714938360748853,-0.047360646873060235,-1.6105953016361667,-1.0891506093301209,0.0800127285461041,3.0729087654562925,2.0637708846722758,-0.0848203603042387,1.229163506182517,1.1443431458782782,1.0891506093301209,-0.1648330888503428,-1.8437452592737755,-0.9194277387939975,-2.698449053459246,0.19823729588942823,7.613352715849078,5.11314095827926,-0.21014854971969327,3.045341086339631,2.835192536619938,2.698449053459246,-0.4083858456091215,-4.568011629509447,-2.277948421659322
0.14509999999999998,0.24593718723411667,0.8549,0.7540628127658833,3.2517592219084754,3.8036720340489825,3.6276032007945336,0.6949496018891572,23.63317728063536,-0.04758048658402671,-1.618071398965341,-1.0937625634862216,0.08056866529251193,3.089850731366022,2.0766568331723123,-0.08540970097532384,1.2359402925464087,1.1505305915710848,1.0937625634862216,-0.16597836626783577,-1.8539104388196135,-0.9261262416012277,-2.7098755019416854,0.19961466920609935,7.655327656211979,5.145066823476393,-0.21160868366483504,3.0621310624847906,2.8505223788199556,2.7098755019416854,-0.41122335287093437,-4.593196593727188,-2.294544444656437
0.14609999999999998,0.2472822599761224,0.8539,0.7527177400238776,3.27416969208014,3.8343713456846693,3.6557115886677294,0.6925548252985793,23.551738022941283,-0.047799222793929445,-1.6255099694922872,-1.0983434962529466,0.08112103335059449,3.1067496560157157,2.089527193113364,-0.08599525853045886,1.2426998624062864,1.1567046038758275,1.0983434962529466,-0.16711629188105337,-1.8640497936094294,-0.9328225892375361,-2.7212250926984054,0.2009832008404991,7.69719595875417,5.176954066896264,-0.21305944466782603,3.0788783835016678,2.8658189388338418,2.7212250926984054,-0.41404264550832515,-4.618317575252503,-2.3111351280624226
0.14709999999999998,0.24862392812670842,0.8529,0.7513760718732916,3.296580162251804,3.8651426453884437,3.6838702804225423,0.69016946381175,23.470618945034932,-0.04801686168822609,-1.632911223566096,-1.1028935776973363,0.08166981076229947,3.1236058068197514,2.1023820398847146,-0.08657700969222297,1.2494423227279006,1.1628653130356776,1.1028935776973363,-0.16824682045452244,-1.8741634840918509,-0.939516726849037,-2.732498247082745,0.20234283638997183,7.738958286014025,5.208802875321252,-0.21450077505718024,3.09558331440561,2.8810825393484296,2.732498247082745,-0.4168436114471521,-4.643374971608415,-2.327720335972822
0.14809999999999998,0.24996221281834108,0.8519,0.7500377871816589,3.318990632423468,3.895986186669172,3.712079454831372,0.6877934694013577,23.3898184136497,-0.04823340940924121,-1.640275370069031,-1.1074129770203875,0.08221497633788268,3.140419449277493,2.1152214485949883,-0.08715493199766947,1.2561677797109974,1.169012847713328,1.1074129770203875,-0.16936990833555216,-1.8842516695664957,-0.9462086008816604,-2.7436953843023555,0.20369352335540067,7.780615295785338,5.240613434838383,-0.21593261917932996,3.1122461183141352,2.896313499134805,2.7436953843023555,-0.41962614253473063,-4.668369177471202,-2.3442999357035776
0.14909999999999998,0.2512971350322687,0.8509,0.7487028649677313,3.3414011025951322,3.9269022242274434,3.7403392912965443,0.6854267943143441,23.309334804845534,-0.048448872056485515,-1.6476026164273816,-1.111901862557833,0.08275650964237515,3.157190846988464,2.1280454940730067,-0.0877290037839769,1.2628763387953859,1.175147335011409,1.111901862557833,-0.17048551342635204,-1.8943145081930783,-0.9528981590615975,-2.7548169214211358,0.20503521110767867,7.822167641154904,5.2723859308414465,-0.21735492336307521,3.1288670564619614,2.9115121330988862,2.7548169214211358,-0.4223901344707539,-4.693300584692942,-2.36087379774256
0.15009999999999998,0.25262871559972433,0.8499,0.7473712844002757,3.3638115727667968,3.957891013962579,3.7686499698532696,0.6830693910707819,23.229166503970767,-0.04866325568697488,-1.6548931686223156,-1.116360401781044,0.08329439098226607,3.173920261667461,2.140854250868683,-0.08829920417433362,1.2695681046669847,1.181268900492651,1.116360401781044,-0.1715935951565997,-1.9043521570004762,-0.9595853503760319,-2.7658632733614645,0.20636785085471493,7.863615970539974,5.304120548033224,-0.2187676358846121,3.14544638821599,2.926678752331378,2.7658632733614645,-0.425135486739327,-4.718169582323984,-2.3774417957018468
0.15109999999999998,0.253956975203117,0.8489,0.746043024796883,3.386222042938461,3.988952812979692,3.7970116711726254,0.6807212124627201,23.149311905622824,-0.04887656631554606,-1.6621472312006123,-1.1207887612979874,0.08382860139239838,3.190607953159516,2.153647793253927,-0.08886551306404497,1.2762431812638066,1.1873776681997616,1.1207887612979874,-0.17269411445644334,-1.9143647718957095,-0.9662701250541654,-2.776834852906577,0.20769139560896724,7.9049609277253285,5.335817470427719,-0.22017070693311203,3.161984371090132,2.94181366415702,2.776834852906577,-0.42786210254207924,-4.742976556635197,-2.3940038062706996
0.15209999999999999,0.25528193437722607,0.8479,0.7447180656227739,3.408632513110125,4.020087879596797,3.8254245765645565,0.6783822115530973,23.069769413611297,-0.049088809915176196,-1.6693650072855308,-1.1251871068544477,0.08435912262309299,3.207254179454907,2.1664261952235524,-0.08942791110688394,1.282901671781963,1.1934737606750792,1.1251871068544477,-0.17378703372997695,-1.9243525076729442,-0.9729524345484735,-2.7877320707035875,0.20900580015554174,7.946203151900453,5.367476881352407,-0.22156408857690466,3.1784812607601816,2.9569171721832768,2.7877320707035875,-0.4305698887324464,-4.767721891140271,-2.4105597091691298
0.15309999999999999,0.25660361351036154,0.8469,0.7433963864896385,3.4310429832817895,4.051296473351976,3.8538888679808854,0.6760523416744713,22.990537440914718,-0.04929999241728836,-1.6765466985871986,-1.129555603335013,0.08488593712743725,3.2238591967037316,2.179189530496156,-0.08998637970161774,1.2895436786814927,1.1995572989798748,1.129555603335013,-0.174872316829055,-1.9343155180222389,-0.979632231516281,-2.7985553352659345,0.21031102102069898,7.987343277695658,5.399098963450422,-0.22294773473009646,3.194937311078263,2.9719895763481667,2.7985553352659345,-0.4332587557507954,-4.792405966617395,-2.4271093871022558
0.1541,0.25792203284554366,0.8459,0.7420779671544564,3.4534534534534536,4.082578855010584,3.8824047280183556,0.6737315564279277,22.911614409643455,-0.04951011971206851,-1.6836925054133915,-1.133894414764488,0.08540902804882333,3.240423259230728,2.191937872515063,-0.0905409009787955,1.2961693036922912,1.2056284027134958,1.133894414764488,-0.17594992902761883,-1.9442539555384366,-0.9863094698015674,-2.809305052976882,0.2116070164409793,8.028381935218793,5.43068389868289,-0.22432160111983632,3.2113527740875174,2.987031172967681,2.809305052976882,-0.4359286175608156,-4.817029161131275,-2.4436527257152085
0.1551,0.2592372124816583,0.8449,0.7407627875183417,3.4758639236251176,4.113935286572514,3.91097233992167,0.6714198096818718,22.832998750998637,-0.04971919764877299,-1.6908026266799905,-1.1382037043092212,0.08592837920866395,3.256946619549793,2.204671294449236,-0.09109145778772573,1.302778647819917,1.2116871900321913,1.1382037043092212,-0.17701983699638968,-1.9541679717298759,-0.9929841044170443,-2.8199816280928056,0.21289374633276797,8.06931975009122,5.462231868331182,-0.2256856452540512,3.227727900036488,3.002042254782437,2.8199816280928056,-0.43857939158681913,-4.841591850054732,-2.4601896135487453
0.1561,0.26054917237460845,0.8439,0.7394508276253915,3.498274393796782,4.145366031279514,3.9395918875865723,0.6691170555708421,22.75468890523178,-0.049927232036036454,-1.6978772599214524,-1.1424836342785458,0.08644397509430769,3.2734295283784443,2.217389869194206,-0.09163803368366502,1.3093718113513777,1.2177337776677126,1.1424836342785458,-0.1780820087779727,-1.9640577170270666,-0.9996560915264934,-2.8305854627467655,0.21417117226235408,8.110157343483639,5.4937430529992275,-0.2270398263897053,3.2440629373934553,3.01702311100375,2.8305854627467655,-0.44121099865205937,-4.866094406090184,-2.476719941995478
0.1571,0.26185793233845583,0.8429,0.7381420676615442,3.5206848639684463,4.176871353622548,3.9682635555629235,0.6668232484943084,22.67668332160395,-0.050134228642177314,-1.704916601301199,-1.1467343661263263,0.08695580084715046,3.289872234652168,2.230093669372992,-0.0921806129152197,1.3159488938608672,1.2237682809456476,1.1467343661263263,-0.17913641376237016,-1.9739233407913006,-1.0063253884273444,-2.8411169569523347,0.21543925741647627,8.15089533215164,5.525217632615782,-0.2283841055015867,3.2603581328606563,3.0319740273590696,2.8411169569523347,-0.44382336291806296,-4.890537199290984,-2.493243605256712
0.1581,0.2631635120465553,0.8419,0.7368364879534447,3.5430953341401104,4.2084515193492225,3.99698752905782,0.6645383431154668,22.59898045834473,-0.05034019319550182,-1.7119208456219566,-1.150956060452543,0.08746384225094127,3.306274985538668,2.2427827673370664,-0.09271918041194176,1.3225099942154672,1.2297908138035254,1.150956060452543,-0.18018302266288302,-1.983764991323201,-1.012991953533541,-2.851576508607528,0.21669796657334905,8.19153432847101,5.5566557864368304,-0.22971844525157536,3.276613731388404,3.0468952861368286,2.851576508607528,-0.4464164118249244,-4.914920597082606,-2.5097605003000023
0.1591,0.2644659310326798,0.8409,0.7355340689673202,3.565505804311775,4.24010679547125,4.025763993938707,0.6622622943600238,22.521578782610938,-0.05054513138460573,-1.7188901863360158,-1.1551488770050007,0.08796808572026707,3.322638026452,2.255457235167267,-0.09325372177212812,1.3290552105808005,1.2358014888086724,1.1551488770050007,-0.1812218074923952,-1.9935828158711997,-1.0196557463585942,-2.861964513499034,0.21794726607413356,8.232074940472733,5.588057693047833,-0.231042809958415,3.292829976189095,3.06178716623068,2.861964513499034,-0.4489900760325486,-4.939244964283638,-2.526270526817153
0.1601,0.2657652086921381,0.8399,0.734234791307862,3.587916274483439,4.271837450271983,4.054593136736529,0.6599950574149787,22.444476770445164,-0.05074904885867485,-1.7258248155554503,-1.1593129746810844,0.08846851828923524,3.3389616010666163,2.2681171446747674,-0.09378422325082032,1.3355846404266465,1.2418004171758261,1.1593129746810844,-0.18225274154005555,-2.0033769606399696,-1.0263167274989407,-2.8722813653065637,0.21918712379489716,8.272517771877817,5.61942353036615,-0.23235716556798142,3.3090071087511275,3.076649943183146,2.8722813653065637,-0.4515442893628786,-4.96351066312669,-2.542773587183005
0.1611,0.267061364282882,0.8389,0.7329386357171179,3.610326744655103,4.303643753313986,4.083475144648889,0.6577365877273869,22.367672906733745,-0.05095195122778245,-1.732724924062233,-1.1634485115295812,0.08896512760032813,3.3552459513312707,2.2807625674020175,-0.09431067174798703,1.3420983805325082,1.247787708784521,1.1634485115295812,-0.18327579934831517,-2.0131475707987625,-1.0329748586174965,-2.8825274556073675,0.22041750911900013,8.312863422131718,5.65075347564335,-0.23366147962400374,3.325145368852687,3.0914838892286833,2.8825274556073675,-0.4540789887430039,-4.987718053279031,-2.5592695864146675
0.1621,0.2683544169266078,0.8379,0.7316455830733922,3.632737214826767,4.335525975446672,4.112410205543229,0.6554868410031324,22.291165685165016,-0.051153844063186155,-1.7395907013183323,-1.1675556447525852,0.08945790189343972,3.3714913174828625,2.293393574623717,-0.09483305479690805,1.3485965269931448,1.2537634721962367,1.1675556447525852,-0.18429095669034778,-2.0228947904897177,-1.03963010242748,-2.892703173880952,0.22163839290993323,8.35311248643865,5.682047705467632,-0.23495572123928507,3.34124499457546,3.106289273336175,2.892703173880952,-0.4565941141492183,-5.011867491863191,-2.5757584321314573
0.1631,0.2696443856098477,0.8369,0.7303556143901523,3.6551476849984317,4.367484388813994,4.141398507960027,0.653245773205688,22.21495360818713,-0.05135473289762225,-1.7464223354757193,-1.1716345307074805,0.08994682999509361,3.387697938060148,2.306010237347761,-0.09535136055273888,1.3550791752240592,1.2597278146713202,1.1716345307074805,-0.18529819054783248,-2.0326187628360888,-1.0462824226764407,-2.9028089075139936,0.22284974748460404,8.393265555795557,5.713306395766168,-0.23623986106737035,3.357306222318223,3.1210663612508527,2.9028089075139936,-0.4590896085519744,-5.035959333477334,-2.5922400345153145
0.1641,0.27093128918505316,0.8359,0.7290687108149468,3.6775581551700958,4.399519266862178,4.170440241116021,0.6510133405548638,22.139035186965526,-0.051554623225597784,-1.753220013386302,-1.1756853249089585,0.09043190130782795,3.4038660499173465,2.3186126263162157,-0.09586557778125968,1.361546419966939,1.2656808421856793,1.1756853249089585,-0.18629747908908761,-2.0423196299504074,-1.0529317841305366,-2.912845041805338,0.2240515465870379,8.43332321702582,5.744529721807519,-0.2375138712746711,3.373329286810329,3.135815415535658,2.912845041805338,-0.461565417861709,-5.059993930215491,-2.6087143062718616
0.1651,0.2722151463716703,0.8349,0.7277848536283297,3.69996862534176,4.4316308843475385,4.199535594907443,0.6487894995255622,22.06340894134057,-0.05175352050368156,-1.759983920611821,-1.179708182031126,0.09091310579975481,3.419995888237659,2.331200812006288,-0.09637569584780842,1.3679983552950636,1.2716226594472553,1.179708182031126,-0.18728880164756323,-2.0519975329425955,-1.0595781525590326,-2.922811959971221,0.22524376536251015,8.473286052812755,5.775717858204044,-0.2387777255130464,3.3893144211251016,3.1505366956120553,2.922811959971221,-0.46402149087555655,-5.083971631687653,-2.6251811625919887
0.1661,0.273495975757207,0.8339,0.7265040242427929,3.7223790955134244,4.463819517344314,4.228684759913279,0.6465742068465202,21.988073399784792,-0.051951430150792524,-1.7667142414336574,-1.1837032559096587,0.09139043399428791,3.436087686546665,2.3437748646312944,-0.09688170470639107,1.374435074618666,1.277553369912275,1.1837032559096587,-0.188272138700679,-2.061652611927999,-1.0662214947190192,-2.932710043150605,0.22642638033209586,8.513154641732793,5.806870978914285,-0.24003139889282274,3.405261856693117,3.1652304578002943,2.932710043150605,-0.4664577792249186,-5.107892785039676,-2.641640521113989
0.1671,0.27477379579829114,0.8329,0.7252262042017088,3.7447895656850885,4.496085443252596,4.2578879273985475,0.6443674194990495,21.913027099360033,-0.05214835754848647,-1.7734111588625812,-1.1876706995440043,0.09186387696003481,3.4521416767256263,2.356334854141657,-0.09738359488896373,1.3808566706902505,1.2834730758012869,1.1876706995440043,-0.18924747184899854,-2.071285006035376,-1.07286177834037,-2.9425396704106372,0.2275993693676274,8.552929558288463,5.837989257245454,-0.24127486795623962,3.421171823315386,3.1798969553591463,2.9425396704106372,-0.468874237323867,-5.131757734973077,-2.658092301886307
0.1681,0.27604862482172166,0.8319,0.7239513751782783,3.7672000358567526,4.52842894080629,4.287145289317588,0.6421690947157742,21.838268585674538,-0.05234430804124117,-1.7800748546484495,-1.1916106650996832,0.09233342630085231,3.4681580890246893,2.3688808502258585,-0.09788135749489515,1.3872632356098757,1.2893818781149806,1.1916106650996832,-0.19021478379574747,-2.0808948534148133,-1.0794989721108776,-2.9523012187523516,0.22876271166705528,8.592611372941077,5.869072865855781,-0.24250811065134237,3.437044549176431,3.194536438525089,2.9523012187523516,-0.4712708223183977,-5.155566823764646,-2.6745364273306924
0.1691,0.27732048102551055,0.8309,0.7226795189744895,3.789610506028417,4.560850290081137,4.316457038317385,0.6399791899793644,21.763796412839866,-0.05253928693673895,-1.7867055092898152,-1.1955233039105746,0.09279907414606389,3.4841371520759736,2.381412922311463,-0.09837498418059178,1.3936548608303896,1.2952798766497977,1.1955233039105746,-0.19117405832665568,-2.090482291245584,-1.086133045661665,-2.9619950631163303,0.2299163877302118,8.632200652143174,5.900121976757056,-0.24373110630627712,3.45288026085727,3.209149154550993,2.9619950631163303,-0.4736474940364889,-5.179320391285904,-2.6909728222060623
0.1701,0.2785893824799173,0.8299,0.7214106175200827,3.812020976200081,4.593349772502808,4.345823367740902,0.6377976630212656,21.689609143427692,-0.05273329950614797,-1.7933033020434923,-1.1994087664813387,0.09326081314083247,3.500079092906572,2.393931139566066,-0.09886446714929434,1.4000316371626291,1.3011671700133347,1.1994087664813387,-0.19212528029012682,-2.100047455743943,-1.0927639695527311,-2.971621576388703,0.23106037933495857,8.671697958370721,5.931136761316977,-0.2449438356040115,3.4686791833482897,3.2237353477442783,2.971621576388703,-0.47600421493897005,-5.203018775022432,-2.7074014135726996
0.1711,0.2798553471284748,0.8289,0.7201446528715252,3.8344314463717453,4.6259276708550425,4.375244471630441,0.6356244718204256,21.615705348426513,-0.05292635098440109,-1.7998684109340393,-1.2032672024898028,0.09371863643668785,3.5159841369514377,2.4064355708983225,-0.09934979914103823,1.406393654780575,1.307043855639537,1.2032672024898028,-0.19306843557772607,-2.1095904821708626,-1.099391715258786,-2.9811811294070654,0.23219466951371756,8.711103850155048,5.9621173902617,-0.24614628055746035,3.484441540062019,3.2382952595045587,2.9811811294070654,-0.47834095007117794,-5.22666231009303,-2.723822130757142
0.1721,0.2811183927890075,0.8279,0.7188816072109925,3.85684191654341,4.658584269287847,4.404720544731015,0.6334595746020192,21.54208360719827,-0.0531184465704733,-1.806401012763195,-1.207098760789475,0.09417253768221313,3.5318525080661756,2.4189262849589137,-0.09983097342277528,1.41274100322647,1.3129100298036946,1.207098760789475,-0.19400351110498842,-2.1191115048397053,-1.1060162551552188,-2.9906740909667016,0.23331924253039615,8.75041888211453,5.993064033678225,-0.24733842448501217,3.5001675528458116,3.2528291283607995,2.9906740909667016,-0.48065766701540835,-5.250251329268719,-2.7402349053174264
0.1731,0.28237853715464106,0.8269,0.717621462845359,3.879252386715074,4.691319853325763,4.434251782493744,0.6313029298361701,21.468742507434904,-0.05330959142765662,-1.8129012831192253,-1.2109035894120255,0.09462251101387145,3.547684428539727,2.431403350141573,-0.10030798377865362,1.419073771415891,1.3187657876372374,1.2109035894120255,-0.19493049479252506,-2.1286106571238363,-1.1126375625043359,-3.000100827826731,0.23443408385765951,8.78964360498603,6.0239768610169575,-0.2485202519864464,3.5158574419944117,3.2673371900079653,3.000100827826731,-0.4829543358441059,-5.273786162991618,-2.7566396710089927
0.1741,0.28363579779480486,0.8259,0.7163642022051951,3.901662856886738,4.724134709876181,4.463838381079279,0.6291544962366734,21.395680645114883,-0.05349979068383397,-1.8193693963862376,-1.2146818355699092,0.09506855104699195,3.563480119106968,2.4438668345840506,-0.10078082450045966,1.4253920476427875,1.3246112231423277,1.2146818355699092,-0.19584937554745163,-2.1380880714641806,-1.119255611441723,-3.009461704716611,0.23553918015459793,8.828778565656089,6.054856041094077,-0.24969174891925286,3.531511426262436,3.2818196773431834,3.009461704716611,-0.4852309290738508,-5.297267139393653,-2.773036363750893
0.1751,0.28489019215622563,0.8249,0.7151098078437743,3.924073327058402,4.757029127237728,4.49348053736124,0.6270142327597124,21.322896624459585,-0.05368904943175022,-1.825805525753399,-1.218433645658922,0.09551065286689148,3.57923979896119,2.456316806169159,-0.10124949037820669,1.431695919584476,1.3304464292062694,1.218433645658922,-0.19676014324509816,-2.147543879376714,-1.1258703769628902,-3.0187570843424667,0.23663451924473006,8.867824307191873,6.085701742094136,-0.25085290237531427,3.5471297228767495,3.2962768205014354,3.0187570843424667,-0.4874874216200443,-5.320694584315123,-2.7894249215927007
0.17609999999999998,0.2861417375639137,0.8239000000000001,0.7138582624360863,3.9464837972300657,4.790003395108709,4.523178448929657,0.6248820986025767,21.250389057889713,-0.05387737272928195,-1.832209843224108,-1.2221591652608856,0.09594881202014573,3.5949636857664884,2.4687533325257487,-0.10171397669088415,1.4379854743065954,1.3362714976157113,1.2221591652608856,-0.19766278871102988,-2.1569782114598928,-1.132481834910037,-3.0279873273937428,0.2377200900943765,8.906781368871851,6.116514131572485,-0.2520037006579873,3.56271254754874,3.3107088468907526,3.0279873273937428,-0.4897237907523638,-5.344068821323111,-2.805805284681732
0.17709999999999998,0.2873904512221411,0.8229,0.712609548777859,3.9688942674017302,4.823057804595613,4.5529323140945,0.6227580532023778,21.178156565981578,-0.05406476559970496,-1.838582519625095,-1.2258585391463475,0.09638302450599939,3.610651995670056,2.481176481029708,-0.10217427919734727,1.4442607982680224,1.3420865190706752,1.2258585391463475,-0.19855730370334668,-2.1663911974020333,-1.1390899619590327,-3.0371527925498945,0.23879588279137792,8.945650286216253,6.147293376457736,-0.25314413325953006,3.578260114486501,3.325115981226971,3.0371527925498945,-0.491940016050908,-5.3673901717297525,-2.8221773952307663
0.17809999999999998,0.28863635021541223,0.8219000000000001,0.7113636497845878,3.9913047375733943,4.856192648221674,4.582742331889097,0.6206420562347686,21.1061977774236,-0.05425123303196038,-1.844923724615468,-1.2295319112772591,0.09681328676791683,3.6263049433143766,2.4935863188050345,-0.1026303941273622,1.4505219773257507,1.3478915831983884,1.2295319112772591,-0.19944368089527903,-2.175782965988626,-1.1456947356066458,-3.0462538364870215,0.23986188852416124,8.984431591017286,6.178039643054426,-0.25427419083891706,3.5937726364069147,3.3394984455679975,3.0462538364870215,-0.4941360793630783,-5.390658954610371,-2.8385411974864283
0.17909999999999998,0.28987945150942573,0.8209,0.7101205484905743,4.013715207745059,4.889408219935508,4.61260870207376,0.6185340676126507,21.034511328972304,-0.054436779980917914,-1.8512336266956677,-1.2331794248098191,0.09723959568526329,3.6419227418493056,2.5059829127247495,-0.10308231817279005,1.4567690967397227,1.3536867785669326,1.2331794248098191,-0.20032191385805334,-2.185153645109583,-1.1522961341578175,-3.0552908138849135,0.24091809956112914,9.023125811369068,6.2087530970452836,-0.2553938651999958,3.6092503245476277,3.353856459347632,3.0552908138849135,-0.49631196476112494,-5.413875486821441,-2.854896637697652
0.18009999999999998,0.2911197719520305,0.8199000000000001,0.7088802280479696,4.036125677916723,4.922704815119796,4.64253162513922,0.6164340474849002,20.963095865409024,-0.05462141136763866,-1.8575123932164042,-1.236801222097209,0.09766194856513158,3.6575056029440876,2.51836632941201,-0.10353004847891609,1.463002241177635,1.359472192698719,1.236801222097209,-0.20119199704404767,-2.1945033617664524,-1.158894136713291,-3.0642640774338266,0.24196450923041019,9.061733471697389,6.239433903493973,-0.2565031492700051,3.6246933886789563,3.368190239408951,3.0642640774338266,-0.4984676585004153,-5.437040083018433,-2.8712436640850214
0.18109999999999998,0.29235732827417127,0.8189,0.7076426717258287,4.058536148088387,4.956082730600056,4.672511302310307,0.6143419562350707,20.89195003949578,-0.0548051320796344,-1.8637601903874752,-1.2403974446924597,0.0980803431342884,3.673053736799231,2.53073663524106,-0.10397358263591926,1.4692214947196922,1.365247912083773,1.2403974446924597,-0.20205392577020764,-2.203832242079539,-1.1654887231572868,-3.073173977841587,0.2430011118999052,9.100255092789144,6.270082226847462,-0.25760203707843976,3.6401020371156574,3.3825000000372176,3.073173977841587,-0.5006031489783449,-5.460153055673487,-2.8875822268102453
0.18209999999999998,0.2935921370908291,0.8179000000000001,0.7064078629091709,4.080946618260051,4.989542264653442,4.702547935549416,0.6122577544801161,20.82107251193183,-0.05498794697112628,-1.8699771832865613,-1.2439682333513158,0.09849477753126083,3.6885673521583233,2.5430938963382683,-0.10441291867047843,1.4754269408633298,1.3710140221928513,1.2439682333513158,-0.20290769620173926,-2.2131404112949937,-1.1720798741454173,-3.0820208638406865,0.24402790295768095,9.138691191821602,6.300698230938597,-0.25869052373625456,3.655476476728642,3.3967859529923876,3.0820208638406865,-0.5027184266939355,-5.483214715092959,-2.9039122779462083
0.18309999999999998,0.29482421490195315,0.8169,0.7051757850980469,4.103357088431715,5.023083717017646,4.732641727560242,0.6101814030691052,20.75046195130999,-0.055169860863301244,-1.876163535867949,-1.2475137280351414,0.09890525029854569,3.7040466563197456,2.5554381785831497,-0.10484805503751418,1.4816186625278984,1.3767706074903843,1.2475137280351414,-0.20375330533605987,-2.222427993791847,-1.1786675710927657,-3.0908050821954816,0.24504487879266845,9.177042282391424,6.331282078988611,-0.2597686054154041,3.67081691295657,3.411048307541166,3.0908050821954816,-0.5048134842080725,-5.506225369434854,-2.920233771447445
0.18409999999999999,0.2960535780933834,0.8159000000000001,0.7039464219066166,4.125767558603379,5.056707388899839,4.762792881791294,0.6081128630819307,20.680117034072705,-0.05535087854456583,-1.8823194109711596,-1.251034067913807,0.09931176037494475,3.719491855148255,2.5677695476093927,-0.105278990612066,1.4877967420593021,1.3825177514472362,1.251034067913807,-0.20459075098701074,-2.2316951130889526,-1.1852517961621563,-3.0995269777093464,0.24605203677567264,9.215308874543373,6.361833933609699,-0.26083627932871756,3.6861235498173497,3.4252872704886324,3.0995269777093464,-0.5068883161043902,-5.529185324726024,-2.9365466631210677
0.1851,0.2972802429377701,0.8149,0.7027197570622299,4.148178028775044,5.090413582985696,4.793001602439655,0.6060520958280394,20.61003644446887,-0.05553100477080002,-1.8884449703295825,-1.254529391368725,0.09971430708802943,3.734903153086542,2.5800880688058467,-0.10570572468130163,1.4939612612346167,1.3882555365533151,1.254529391368725,-0.20542003176933105,-2.2409418918519255,-1.1918325322525316,-3.1081868932321948,0.24704937524070325,9.25349147479893,6.392353956807438,-0.2618935437101018,3.7013965899195713,3.4395030462094693,3.1081868932321948,-0.508942918950805,-5.552094884879358,-2.952850910597968
0.1861,0.29850422559547946,0.8139000000000001,0.7014957744045205,4.170588498946708,5.124202603448466,4.823268094454553,0.6039990628451344,20.540218874509712,-0.05571024426560649,-1.894540374578952,-1.2579998359957187,0.10011289014671909,3.7502807531666082,2.5923938073176087,-0.10612825693665047,1.500112301266643,1.3939840443299927,1.2579998359957187,-0.20624114708336955,-2.250168451899965,-1.1984097629876158,-3.1167851696675855,0.24803689346658708,9.291590586184501,6.422842309983503,-0.26294039779505096,3.716636234473799,3.453695836678748,3.1167851696675855,-0.510977291261638,-5.574954351710702,-2.969146473304755
0.1871,0.29972554211549834,0.8129,0.7002744578845017,4.192998969118372,5.158074755958141,4.853592563541177,0.6019537258979069,20.470663023925642,-0.05588860172056088,-1.9006057832658574,-1.26144553860815,0.10050750963398544,3.765624857021132,2.6046868280469675,-0.10654658746607033,1.5062499428084528,1.3997033553423825,1.26144553860815,-0.2070540971000558,-2.259374914212679,-1.204983472704585,-3.125322145980472,0.2490145916588926,9.32960670825956,6.45329915393798,-0.26397684180148684,3.731842683303824,3.4678658415023373,3.125322145980472,-0.5129914334603795,-5.597764024955735,-2.9854333124356427
0.1881,0.30094420843632635,0.8119000000000001,0.6990557915636737,4.2154094392900365,5.192030347690647,4.88397521616427,0.5999160469767484,20.401367600122473,-0.05606608179545794,-1.9066413548561147,-1.2648666352398548,0.1008981659996753,3.780935664894676,2.616967195654497,-0.10696071674643663,1.5123742659578707,1.4054135492114341,1.2648666352398548,-0.20785888274611192,-2.2685613989368054,-1.2115536464430625,-3.1337981592044777,0.24998247093214754,9.367540337144431,6.483724648872101,-0.2650028769109025,3.7470161348577737,3.482013257946871,3.1337981592044777,-0.5149853478430501,-5.620524202286658,-3.0017113909252306
0.1891,0.3021602403868642,0.8109,0.6978397596131358,4.237819909461701,5.226069687337156,4.914416259552006,0.5978859882964789,20.332331318138166,-0.056242689118557246,-1.912647246743121,-1.2682632611482596,0.10128486005344609,3.7962133756548515,2.6292349745600383,-0.10737064563605647,1.5184853502619406,1.4111147046258843,1.2682632611482596,-0.20865550568950256,-2.2777280253929106,-1.2181202699341536,-3.1422135444496155,0.25094053329233657,9.405391965547942,6.514118954390662,-0.2660185052498157,3.762156786219177,3.4961382809693613,3.1422135444496155,-0.5169590385421523,-5.643235179328765,-3.0179806734213015
0.1901,0.303373653687292,0.8099000000000001,0.696626346312708,4.260230379633365,5.260193085113426,4.9449159016996305,0.5958635122950661,20.263552900599272,-0.0564184282868263,-1.9186236152561231,-1.2716355508174082,0.10166759295781758,3.8114581868033466,2.641490228943756,-0.10777637536729999,1.5245832747213388,1.4168068993540388,1.2716355508174082,-0.20944396832511758,-2.2868749120820078,-1.224683329589717,-3.1505686349097877,0.251888781619686,9.443162082794741,6.54448222950464,-0.2670237298715122,3.777264833117897,3.510241103246385,3.1505686349097877,-0.5189125114911981,-5.665897249676844,-3.0342411262582543
0.1911,0.304584463949943,0.8089,0.695415536050057,4.282640849805029,5.294400852769229,4.975474351373373,0.5938485816323547,20.19503107767773,-0.05659330386618244,-1.9245706156684448,-1.2749836379611115,0.10204636622133684,3.8266702944869078,2.653733022747133,-0.1081779075393569,1.5306681177947634,1.4224902102554065,1.2749836379611115,-0.21022427376069375,-2.296002176692144,-1.2312428124917263,-3.1588637618705873,0.25282721965172994,9.480851174852516,6.574814632633659,-0.26801855473809955,3.792340469941008,3.5243219152029086,3.1588637618705873,-0.5208457743898295,-5.688510704911508,-3.05049271743075
0.1921,0.3057926866801668,0.8079000000000001,0.6942073133198332,4.305051319976694,5.328693303597837,5.006091818114141,0.5918411591887914,20.126764587047486,-0.05676732039173209,-1.9304884022056201,-1.2783076555260067,0.10242118169185252,3.841849893508187,2.665963419674033,-0.10857524411110554,1.536739957403275,1.4281647132921693,1.2783076555260067,-0.21099642580295808,-2.3051099361049117,-1.237798706381863,-3.1670992547168795,0.2537558519666464,9.518459724358864,6.605116321608632,-0.26900298470284,3.807383889743547,3.538380905040707,3.1670992547168795,-0.5227588366694864,-5.711075834615317,-3.0667354165679246
0.1931,0.30699833727718917,0.8069,0.6930016627228108,4.327461790148358,5.363070752445602,5.036768512241481,0.5898412080641593,20.058752173841476,-0.05694048236800934,-1.93637712805351,-1.2816077356947428,0.10279204154990114,3.8569971773365377,2.678181483191696,-0.10896838739410142,1.5427988709346152,1.4338304835405138,1.2816077356947428,-0.21176042894400254,-2.3141983064019227,-1.2443509996511823,-3.175275440940695,0.25467468396687165,9.55598821064804,6.635387453674217,-0.26997702549277863,3.822395284259217,3.5524182587664384,3.175275440940695,-0.5246517094596503,-5.733592926388823,-3.082969194907778
0.1941,0.30820143103496117,0.8059000000000001,0.6917985689650388,4.349872260320022,5.397533515721579,5.067504644857319,0.5878486915763074,19.990992590608414,-0.057112794269211516,-1.942236945366311,-1.2848840098890857,0.1031589483021958,3.872112338118689,2.690387276531799,-0.10935734004567524,1.5488449352474756,1.4394875952018003,1.2848840098890857,-0.21251628834787104,-2.3232674028712132,-1.2508996813299986,-3.183392646148922,0.2555837218629678,9.593437109777396,6.665628185491442,-0.2709406836916437,3.8373748439109585,3.566434160219315,3.183392646148922,-0.5265244055546114,-5.756062265866437,-3.099194025272127
0.1951,0.30940198314300404,0.8049,0.690598016856996,4.372282730491686,5.432081911407238,5.098300427849962,0.5858635732598874,19.92348459726982,-0.05728426053943398,-1.948068005274542,-1.2881366087731467,0.10352190477522583,3.8871955666893565,2.702580862691436,-0.10974210506214907,1.5548782266757428,1.4451361216135938,1.2881366087731467,-0.2132640098373749,-2.3323173400136135,-1.2574447410778415,-3.191451194071303,0.2564829726577658,9.630806894553684,6.695838673140147,-0.2718939667230388,3.852322757821473,3.5804287910984343,3.191451194071303,-0.5283769393808047,-5.778484136732211,-3.115409882041713
0.1961,0.3106000086872448,0.8039000000000001,0.6893999913127552,4.39469320066335,5.466716259066239,5.129156073897896,0.5838858168650933,19.856226961077187,-0.0574548855929024,-1.9538704578929411,-1.2913656622564829,0.10388091410895553,3.9022470525817434,2.714762304434216,-0.11012268577215449,1.5608988210326975,1.450776135260543,1.2913656622564829,-0.21400359988111,-2.3413482315490457,-1.263986169173673,-3.1994514065681185,0.25737244413075316,9.668098034559057,6.726019072121691,-0.27283688283388835,3.867239213823623,3.5944023309897344,3.1994514065681185,-0.5302093269646415,-5.800858820735433,-3.131616741131956
0.1971,0.3117955226508466,0.8029,0.6882044773491534,4.417103670835014,5.501436879854295,5.160071796473837,0.5819153863564007,19.789218456569067,-0.05762467381420376,-1.959644452328323,-1.2945712994973786,0.10423597975062934,3.917266984037969,2.72693166429122,-0.11049908583006626,1.5669067936151877,1.4564077077851214,1.2945712994973786,-0.2147350655806956,-2.3503601904227813,-1.2705239565060984,-3.2073936036383195,0.2582521448227263,9.70531099617692,6.756169537361327,-0.2737694410781689,3.8821243984707676,3.608354957392599,3.2073936036383195,-0.5320215859008952,-5.823186597706152,-3.1478145799687276
0.1981,0.3129885399150308,0.8019000000000001,0.6870114600849693,4.439514141006679,5.536244096529091,5.191047809848565,0.5799522459113114,19.722457865528426,-0.05779362955851513,-1.965390136687358,-1.2977536489059895,0.10458710544867497,3.9322555480193997,2.739089004562085,-0.11087130920953955,1.57290221920776,1.4620309099982205,1.2977536489059895,-0.21545841465821453,-2.3593533288116397,-1.2770580945638648,-3.2152781034273104,0.25912208402068454,9.742446242617522,6.786290223210896,-0.27469165130089734,3.8969784970470083,3.622286845746111,3.2152781034273104,-0.5338137353215819,-5.845467745570513,-3.164003377464785
0.1991,0.3141790752598927,0.8009,0.6858209247401073,4.461924611178343,5.571138233460285,5.222084329095038,0.5779963599190994,19.655943976939948,-0.05796175715183101,-1.9711076580843048,-1.300912838147611,0.10493429524670457,3.9472129302168995,2.751234387315993,-0.11123936019715029,1.5788851720867596,1.4676458118896094,1.300912838147611,-0.21617365544385486,-2.36832775813014,-1.2835885754263838,-3.2231052222350525,0.25998227174296834,9.779504233943344,6.8163812834512605,-0.27560352412237404,3.911801693577337,3.6361981694549628,3.2231052222350525,-0.5355857958653424,-5.8677025403660075,-3.1801831139962973
